Log_CMIPBA,Log_StatModelBA
-3.134849352,-5.3443257
-3.153657713,-5.293773019
-3.105875265,-5.249681566
-3.037759585,-5.239459465
-2.990326229,-5.220650575
-3.049414614,-5.211003654
-3.087101738,-5.207729527
-3.20001047,-5.194209401
-3.237592369,-5.175014031
-3.142968609,-5.15765744
-3.174678768,-5.111208947
-3.283178947,-5.042983255
-3.351118518,-5.028530086
-3.069887335,-5.027189559
-3.281743869,-5.026073858
-3.049559969,-5.018793159
-3.16503618,-4.973706778
-3.306726999,-4.95299663
-3.166510483,-4.917930843
-3.055673892,-4.90783798
-3.189483078,-4.857495325
-3.221453089,-4.854480112
-3.072749673,-4.844780534
-3.084028528,-4.829648966
-3.243622848,-4.801186303
-3.226885283,-4.797505878
-3.19031723,-4.769450794
-3.221501632,-4.755189215
-3.107356544,-4.746511795
-3.143780777,-4.689563858
-3.116044309,-4.668347148
-3.299232433,-4.65538365
-3.181281788,-4.64272137
-3.375915581,-4.632183973
-2.914808992,-4.630412289
-3.254929374,-4.622032412
-2.909456487,-4.590530225
-3.126333178,-4.575118629
-3.297667511,-4.54885262
-3.43845784,-4.538997352
-3.107875688,-4.536812222
-3.32499278,-4.517402207
-2.932168738,-4.506781436
-3.168835728,-4.505338411
-3.099836961,-4.489308414
-3.151331931,-4.486545862
-3.017941203,-4.484377574
-3.01422913,-4.480165486
-3.160920955,-4.473531711
-3.360090527,-4.446958042
-3.092286803,-4.424604725
-3.144409132,-4.40974202
-3.356140029,-4.409403751
-3.229501709,-4.401680752
-3.403524228,-4.39341335
-2.863038783,-4.38294099
-3.349957636,-4.375957289
-3.471176952,-4.368524025
-3.166159261,-4.336602568
-3.483138199,-4.336363547
-3.383201889,-4.326536828
-3.384296773,-4.312122279
-3.09792702,-4.310852436
-3.044750579,-4.297979767
-3.290471526,-4.292417461
-3.160336722,-4.28864914
-3.216144815,-4.271527398
-3.233292915,-4.264854842
-3.297436473,-4.259077584
-3.312912786,-4.246863119
-3.12283488,-4.228561133
-3.233769503,-4.222019282
-3.407331853,-4.208156183
-2.938484804,-4.205160741
-3.236258384,-4.19007812
-2.874482897,-4.184199878
-3.37547675,-4.182767149
-3.326546392,-4.163278353
-3.313970585,-4.161284741
-3.273485441,-4.160740638
-2.912554787,-4.119544364
-3.386435406,-4.111523061
-2.940613669,-4.107531624
-3.374369746,-4.093760812
-3.412054325,-4.088941354
-3.284182415,-4.059340087
-3.111584737,-4.048511015
-3.427174614,-4.031208971
-3.268541159,-4.026126166
-3.227218872,-4.019455632
-3.238408909,-3.994576133
-3.108513333,-3.989276427
-2.989905721,-3.988275427
-2.999323935,-3.972553647
-3.084443221,-3.971285761
-2.952761639,-3.966616299
-3.044044404,-3.964640928
-3.276759374,-3.961981187
-3.057269447,-3.943936783
-3.125289657,-3.922766654
-3.363321694,-3.921461409
-2.874147163,-3.901252885
-3.338018502,-3.90095771
-3.334208507,-3.886219171
-2.887482809,-3.883168794
-3.315844441,-3.881169177
-3.433721733,-3.877688698
-3.209691644,-3.875352054
-2.908288122,-3.867993956
-3.03832243,-3.859606686
-3.335202609,-3.8512184
-3.417796277,-3.848284165
-3.214740171,-3.845465738
-3.314033997,-3.843470667
-3.331424145,-3.84199068
-3.102650409,-3.837598245
-3.540582417,-3.830559691
-3.130346582,-3.793378909
-3.311967327,-3.779805043
-3.137069396,-3.754433481
-3.469060561,-3.737058975
-3.528356288,-3.735566864
-3.131358852,-3.732228172
-3.317276962,-3.729360495
-2.877698582,-3.72783879
-3.509201731,-3.719453162
-3.316116664,-3.711568797
-3.4446495,-3.702220164
-2.736611126,-3.676928999
-3.105754157,-3.663347995
-2.746122398,-3.656143412
-3.107731141,-3.655005689
-3.023328527,-3.653740312
-2.75934719,-3.64890254
-3.216198024,-3.642370836
-2.907033403,-3.633595865
-3.054919616,-3.612135676
-3.11119313,-3.610374194
-2.877059526,-3.608062363
-3.010351292,-3.586061086
-3.064034801,-3.576941436
-3.486396881,-3.564582093
-2.857184035,-3.555404642
-3.269433603,-3.555126177
-3.468163351,-3.552734741
-3.246541372,-3.543321831
-3.410025767,-3.539361443
-3.169829676,-3.532938171
-3.30828466,-3.527882396
-3.188390331,-3.524219185
-2.881077364,-3.523235378
-3.224296241,-3.521131648
-2.93765218,-3.51507898
-2.887774235,-3.514962901
-2.786568394,-3.487142149
-3.096156349,-3.48637785
-3.213431698,-3.473483722
-3.152348296,-3.472945734
-3.125039418,-3.466446871
-3.441054629,-3.441666839
-3.27671452,-3.439616035
-3.119205991,-3.438743053
-3.400150026,-3.435665082
-2.948452728,-3.431819869
-3.09570422,-3.419547926
-3.538738755,-3.416897917
-3.105008986,-3.404844433
-3.075864403,-3.404135966
-3.212212331,-3.402083094
-3.079586645,-3.39238648
-3.097319333,-3.377760886
-2.76431404,-3.372859145
-2.826883213,-3.372564624
-3.046767095,-3.340225443
-3.192533302,-3.338207911
-3.316264068,-3.337557737
-3.394355863,-3.333231876
-3.238785086,-3.330549317
-2.828000288,-3.326547383
-3.125639483,-3.317253486
-3.173382074,-3.315978196
-3.262372635,-3.315129257
-3.261241826,-3.307677397
-3.136924714,-3.272751873
-3.531061085,-3.266977908
-3.522418698,-3.258564274
-3.404200693,-3.258537102
-3.509726082,-3.255313417
-3.407551368,-3.249569697
-2.692835925,-3.249193811
-3.092196533,-3.243647738
-3.399454194,-3.238654142
-3.395063253,-3.236417176
-3.402785628,-3.229051963
-3.397133063,-3.228130069
-3.298112777,-3.225981085
-3.184320619,-3.224143181
-3.684895239,-3.219209279
-2.861807986,-3.217820226
-3.111113815,-3.212063206
-3.40313595,-3.212043516
-3.387873402,-3.211133013
-3.477825565,-3.206446258
-3.454371589,-3.194808643
-2.954549587,-3.185755008
-2.810440319,-3.175870116
-3.531007365,-3.174522067
-3.497158234,-3.163922681
-3.141816859,-3.163591505
-3.055046063,-3.157881656
-3.545136872,-3.152451721
-3.400884247,-3.148080447
-3.082537539,-3.141320311
-2.943572421,-3.13814985
-3.609985124,-3.137463322
-3.333695377,-3.129573487
-3.210512515,-3.127469845
-3.580114269,-3.112909768
-3.518197496,-3.102185395
-3.059049236,-3.101717264
-3.13980134,-3.096934319
-3.017192418,-3.092482359
-3.26783065,-3.084730617
-2.833141925,-3.075140612
-3.053668897,-3.073910605
-3.08745387,-3.072959717
-2.964221523,-3.070672716
-3.329576794,-3.065242524
-3.592027854,-3.063725374
-3.655452789,-3.062277709
-3.043005706,-3.059885419
-3.552567753,-3.056739511
-3.4850059,-3.054807801
-3.273332963,-3.04856595
-3.599701118,-3.043581321
-2.680668729,-3.042736773
-3.452582863,-3.042380435
-3.549216741,-3.037463481
-3.275060866,-3.03503136
-2.819086553,-3.03408286
-3.612743651,-3.033471524
-3.504973523,-3.03218147
-3.516522648,-3.030597075
-2.844083165,-3.027998746
-3.34518726,-3.021053945
-3.214361713,-3.020718221
-2.832736372,-3.012917678
-3.51265948,-3.012159103
-3.403990626,-3.011716783
-3.504534393,-3.011345324
-3.622778998,-3.011050706
-2.870667291,-3.006083569
-3.539786867,-3.005282461
-3.367826804,-3.002493858
-3.220952457,-3.001452542
-3.483938583,-3.000316336
-3.278286809,-2.99971365
-3.300513849,-2.997455488
-3.231654482,-2.996347258
-3.544368149,-2.991767739
-3.515904863,-2.990510484
-3.670077395,-2.986343019
-3.053078708,-2.981622935
-3.060830732,-2.979232639
-3.575490081,-2.97565266
-3.068008898,-2.975614854
-2.982893361,-2.971943822
-3.305176262,-2.968298565
-3.405993161,-2.960632175
-2.907931854,-2.959004505
-2.977623607,-2.957424967
-3.504973371,-2.95684098
-3.723400952,-2.955652928
-3.557058716,-2.955036306
-3.129681726,-2.954099102
-3.113638309,-2.952454174
-3.495985094,-2.951949733
-3.610818,-2.947882612
-3.70297748,-2.946630902
-3.587413422,-2.944131449
-3.655545298,-2.943058254
-3.121379297,-2.942659688
-3.667270867,-2.942575579
-2.947096417,-2.94182833
-3.513479118,-2.937879239
-3.153517596,-2.933857499
-3.506818692,-2.9337938
-3.437810468,-2.931375792
-3.433782745,-2.931095679
-3.347763179,-2.929470657
-3.468127748,-2.929175695
-3.571780264,-2.927314656
-3.633272656,-2.926862528
-3.047886302,-2.925116623
-3.616090426,-2.919578466
-3.548401653,-2.919139167
-3.220530648,-2.919052161
-3.652686067,-2.918845606
-3.652266915,-2.915464394
-3.645854824,-2.912660534
-3.586075882,-2.911835688
-3.296484728,-2.909956685
-3.331633028,-2.909682809
-3.537413976,-2.906465215
-3.340285712,-2.903859855
-3.635347554,-2.903042333
-3.569221429,-2.90241473
-3.454352671,-2.901443007
-3.334620109,-2.90037915
-3.465286886,-2.898780977
-3.471401762,-2.897628017
-3.634111217,-2.897364217
-2.813756615,-2.896503087
-3.589258193,-2.896426579
-3.416188175,-2.893788581
-3.543090642,-2.890203241
-2.879791853,-2.890110784
-3.466554572,-2.886456626
-3.388226158,-2.885847439
-3.221275686,-2.885410303
-3.738983261,-2.882126794
-3.654259108,-2.881351992
-3.455202845,-2.881074866
-3.567929656,-2.878675057
-2.895391264,-2.876776292
-3.515349734,-2.87548711
-3.618978387,-2.8752979
-2.948261012,-2.875089035
-3.630687153,-2.874798913
-3.564391082,-2.87395334
-2.891525862,-2.872950226
-3.186397915,-2.872640014
-3.652229635,-2.872027614
-3.38494436,-2.871842119
-3.01024022,-2.871814339
-3.556705019,-2.870602554
-3.14856974,-2.867871509
-3.298119721,-2.866745282
-3.564390671,-2.866425042
-3.381716555,-2.865511371
-3.448722866,-2.8636952
-3.653632266,-2.863395083
-3.580471806,-2.862991213
-3.35793432,-2.862600886
-3.428653916,-2.861746649
-3.610998077,-2.861698597
-3.660772984,-2.860882918
-3.636853038,-2.859556207
-3.502163495,-2.859437967
-3.563167502,-2.85854414
-3.398854722,-2.857633282
-3.407552884,-2.85683442
-3.636547557,-2.853105097
-3.55959827,-2.85232846
-3.536383429,-2.847592173
-3.676883481,-2.843715108
-3.69680869,-2.84323578
-3.499499793,-2.842837609
-3.636906235,-2.840561161
-2.867206861,-2.840312113
-3.564706823,-2.839800032
-3.033673135,-2.837432971
-3.497839004,-2.834684336
-3.317105383,-2.834682772
-3.441095145,-2.834299419
-3.480472655,-2.832629748
-3.147771627,-2.829172333
-3.516082922,-2.824546211
-3.304776638,-2.824082732
-3.547578282,-2.822846146
-3.41797194,-2.822065387
-3.644683749,-2.821901293
-2.864666744,-2.821802834
-2.63485676,-2.819117148
-3.559973046,-2.815833467
-2.597722761,-2.815479887
-3.41016615,-2.815097929
-3.681843957,-2.813397978
-3.527954067,-2.809471413
-3.519749175,-2.807575537
-3.689767341,-2.807292331
-3.459047843,-2.806710764
-2.68348504,-2.805681933
-3.38649497,-2.804123552
-3.693214549,-2.803695623
-3.585153697,-2.802085795
-3.146900178,-2.801913066
-3.332766105,-2.801050919
-3.379116684,-2.799908847
-3.650362303,-2.797680256
-2.989087079,-2.794155539
-3.253264516,-2.792447642
-3.569095746,-2.789340732
-3.396160437,-2.787745256
-3.083453483,-2.787683235
-3.48092347,-2.787388603
-3.359680324,-2.786776945
-3.724583482,-2.786734571
-3.330454424,-2.785779468
-3.477590988,-2.784435523
-3.71684951,-2.782909031
-3.498092005,-2.782383508
-2.635505252,-2.782029673
-3.464847232,-2.7817552
-3.541118809,-2.78060656
-2.970662774,-2.780105569
-3.110687004,-2.77985521
-3.078201742,-2.779609056
-3.319106096,-2.779006755
-3.222443993,-2.778209539
-3.683077572,-2.776965675
-3.752255346,-2.77680072
-3.229673573,-2.775890768
-3.633483075,-2.775648925
-3.606133258,-2.774433384
-3.432534229,-2.774315363
-3.197710066,-2.774097749
-3.472857044,-2.773041942
-2.989769692,-2.772813202
-3.664953153,-2.771971772
-3.650131462,-2.770377297
-2.888184324,-2.766986451
-3.235818851,-2.766307182
-3.489132659,-2.766080218
-3.632821851,-2.765892056
-3.483796962,-2.765641428
-2.690425148,-2.764865203
-3.673150856,-2.763637227
-3.14578056,-2.763630387
-3.508533549,-2.762633549
-3.275982576,-2.762074783
-3.439571109,-2.761282946
-3.448820685,-2.759664761
-3.364469442,-2.75879344
-3.553351656,-2.758654959
-3.066195909,-2.757353576
-3.617438727,-2.756265841
-3.342605681,-2.755305081
-3.042958074,-2.754729668
-3.215765835,-2.754378802
-3.673983922,-2.75421496
-3.603990408,-2.754058447
-3.593798457,-2.753023198
-3.490525313,-2.752649325
-3.595883187,-2.749743515
-3.565840379,-2.747884392
-2.835490052,-2.74516812
-2.677673192,-2.744723511
-3.709668313,-2.744563631
-3.675923614,-2.743800797
-3.467874536,-2.743046214
-3.616374498,-2.741450079
-3.583503578,-2.74137779
-3.47463125,-2.739063877
-3.198963837,-2.738796321
-3.092417675,-2.73845681
-3.385028609,-2.738120925
-2.778356622,-2.737585606
-2.876291046,-2.737096386
-3.699664152,-2.736982572
-3.355027258,-2.736529457
-3.077724784,-2.73564986
-2.921015103,-2.735577785
-3.283810719,-2.734618985
-3.036232914,-2.734498906
-3.626693262,-2.733896166
-3.070874249,-2.733612156
-3.233850887,-2.733191302
-3.549894034,-2.73130014
-2.784089385,-2.730954413
-3.477149323,-2.72998117
-3.537802448,-2.728507232
-3.39948861,-2.727864937
-3.201697633,-2.726253271
-3.555190317,-2.725941209
-3.341706126,-2.725699481
-3.393906203,-2.725109687
-3.615322192,-2.723080847
-3.110443747,-2.722598928
-3.284418668,-2.722392059
-3.388142093,-2.721949672
-3.033013546,-2.721949309
-3.367428728,-2.721193496
-3.541989891,-2.720881508
-3.46414385,-2.719618665
-3.38880803,-2.719611299
-2.87768257,-2.71897146
-3.39253913,-2.718657916
-3.685276462,-2.718512085
-2.770228722,-2.718248129
-2.864640359,-2.717991438
-3.021086524,-2.717012331
-2.996900044,-2.712081048
-3.615790687,-2.710424101
-3.498443737,-2.709762863
-3.588384484,-2.709747891
-2.653230847,-2.709021265
-3.227285955,-2.708495996
-3.335476199,-2.708146287
-2.725396544,-2.707469726
-3.341216623,-2.705037859
-3.132982174,-2.702581203
-3.377976851,-2.700426933
-3.389045716,-2.700209354
-3.330079628,-2.699549335
-3.669167608,-2.699396771
-3.215747391,-2.699084297
-3.53762681,-2.698342845
-3.024439395,-2.698239166
-3.004206301,-2.69810538
-2.883827219,-2.696873611
-3.512556392,-2.696787404
-3.487316165,-2.694863684
-3.017498634,-2.694778885
-3.303195174,-2.694342487
-3.111425126,-2.692895743
-3.065112935,-2.691153724
-2.634444203,-2.690322096
-3.035813174,-2.689721637
-3.538914885,-2.689551337
-3.454472048,-2.689129871
-3.397024419,-2.688633899
-2.956842933,-2.687497706
-3.422141945,-2.686933804
-3.114483227,-2.686389686
-3.169736956,-2.685815739
-2.66361359,-2.684125904
-3.418415302,-2.683629624
-2.58899948,-2.682346838
-2.867208703,-2.681529466
-3.539485552,-2.681228863
-3.412509831,-2.681121128
-3.38530976,-2.679098417
-3.249158699,-2.678035547
-3.135532894,-2.676653635
-3.643398923,-2.674573928
-3.685526265,-2.674507671
-3.187813097,-2.6742259
-3.547628556,-2.673979646
-3.494805204,-2.673573361
-3.381558653,-2.673539737
-3.302114515,-2.673396449
-3.549661282,-2.672788692
-3.716948793,-2.672582489
-2.98189596,-2.6725324
-2.767717736,-2.671895064
-2.994879293,-2.671696739
-3.435256351,-2.670905132
-2.921484403,-2.670636266
-2.891787583,-2.669770651
-3.372043143,-2.668716527
-2.78099847,-2.667083311
-2.466305791,-2.665602003
-3.60049716,-2.665472008
-3.676156098,-2.665396605
-2.865545068,-2.664250618
-3.715708639,-2.663903429
-3.647854927,-2.661560857
-2.863444173,-2.661294383
-2.659362864,-2.661232955
-3.675561207,-2.657362481
-3.616643205,-2.657354085
-2.526821454,-2.654739136
-3.604415562,-2.654234358
-3.514974331,-2.653424867
-3.694770728,-2.652912363
-3.452752984,-2.652446467
-2.839860896,-2.649929829
-3.334772736,-2.649020582
-3.648153268,-2.646855098
-3.374352049,-2.645277484
-3.265249474,-2.644883641
-3.632946265,-2.640476578
-3.095516103,-2.639643728
-3.404393738,-2.639051087
-3.532050541,-2.638057067
-3.327093272,-2.637468814
-2.952999117,-2.636849061
-3.386658142,-2.636195117
-3.417475621,-2.635789024
-3.612028435,-2.634822645
-3.039116669,-2.634807952
-3.588111737,-2.634678132
-3.400720568,-2.633746681
-2.621992236,-2.632729246
-3.413863003,-2.631757633
-3.600619051,-2.631578434
-2.672953544,-2.631015636
-2.974729584,-2.630206351
-2.911193987,-2.629202295
-2.660247991,-2.628637794
-2.723343617,-2.627973079
-3.652239195,-2.627100429
-2.632156868,-2.625118549
-3.539482575,-2.623871411
-3.330905447,-2.623452303
-3.582808296,-2.623080303
-2.738692244,-2.617779417
-3.242879086,-2.617515662
-2.561600642,-2.615453693
-3.459343142,-2.614334802
-3.330968338,-2.613671525
-3.323736316,-2.613325822
-3.098204361,-2.611688704
-2.80684626,-2.611354953
-2.684942253,-2.610638397
-3.181394866,-2.610131742
-2.906333624,-2.608547758
-3.387694646,-2.60840478
-3.422387792,-2.607592231
-3.447521421,-2.607156884
-3.212130328,-2.605805676
-2.80475221,-2.605171197
-3.613447866,-2.604730604
-3.498337771,-2.604713406
-3.171314135,-2.603813105
-3.433202863,-2.602602324
-3.430900626,-2.602332428
-3.725582925,-2.602301222
-3.070212895,-2.601935734
-3.424125049,-2.601506189
-2.770201253,-2.601339417
-3.367781389,-2.601028734
-3.404053381,-2.599760275
-3.573665685,-2.59953064
-3.195158869,-2.599259923
-3.590848897,-2.598897372
-3.382488599,-2.597303855
-3.436223128,-2.596979442
-3.424314724,-2.596448777
-3.42612526,-2.595434813
-3.403504175,-2.595318836
-2.507901694,-2.595187073
-2.645388116,-2.593924078
-2.901685174,-2.593744872
-2.53056728,-2.592806065
-2.704526364,-2.592742682
-3.423546427,-2.589840035
-3.540687007,-2.588193905
-3.359467927,-2.588148911
-3.43116449,-2.58784049
-3.588629526,-2.585301091
-3.60314242,-2.584644529
-2.783212403,-2.584477286
-3.238885419,-2.583598514
-3.656361367,-2.582232897
-2.895141406,-2.58113455
-3.711470242,-2.581023343
-3.369858114,-2.580402691
-2.666708405,-2.579604766
-2.769502437,-2.579521764
-2.498866741,-2.57890632
-3.518005312,-2.578097184
-3.014732465,-2.57582183
-3.48727396,-2.575305136
-3.570111753,-2.574849717
-3.553510199,-2.573849
-3.118261761,-2.57381734
-3.062588276,-2.571353963
-2.780698657,-2.570457307
-2.510592041,-2.569750768
-3.332150598,-2.569561292
-2.593875439,-2.569363505
-3.186199874,-2.568675917
-3.665810126,-2.56747103
-3.576964368,-2.567399447
-2.469879062,-2.565957682
-2.644806395,-2.56531625
-3.539540049,-2.564243674
-3.468695999,-2.563835045
-3.359438358,-2.563772374
-3.219237706,-2.561718247
-3.539905152,-2.561651266
-3.049550367,-2.561415422
-2.684268954,-2.56122626
-2.515861188,-2.56069237
-3.446671398,-2.560438743
-2.794930415,-2.560068898
-3.566689159,-2.559254204
-3.393482901,-2.558735678
-2.905531872,-2.558485256
-3.639035784,-2.557809522
-3.378670787,-2.557331547
-3.153296861,-2.5573028
-2.761886436,-2.557242187
-3.222150252,-2.556795182
-3.36457044,-2.555809586
-3.4131477,-2.555636883
-2.587980382,-2.554972137
-2.78657428,-2.553604018
-3.196083363,-2.55328377
-3.019512714,-2.552188486
-3.198499648,-2.551404847
-3.308858023,-2.551100026
-2.769022679,-2.550786745
-3.593431212,-2.550517905
-3.20806858,-2.549387609
-3.21020561,-2.54874444
-3.369516247,-2.548605726
-2.993747168,-2.548331284
-3.447865507,-2.54676995
-2.770760229,-2.546593945
-2.858589119,-2.545469277
-3.634454906,-2.544992294
-2.895719232,-2.542828682
-2.678681505,-2.542178203
-3.412286826,-2.541845212
-3.344456692,-2.541219454
-3.306671914,-2.539049668
-2.619635684,-2.539044956
-3.207786205,-2.536454926
-3.320149054,-2.536319933
-2.687330622,-2.535300481
-3.076890558,-2.534965009
-3.344653534,-2.534705819
-3.263906834,-2.53411243
-2.602325355,-2.533504865
-3.401585379,-2.533286523
-3.063789214,-2.532701821
-3.158638392,-2.532490125
-2.73664342,-2.529918474
-3.106161381,-2.528906434
-2.980771565,-2.527781902
-3.404961648,-2.52730881
-2.896480968,-2.52634387
-3.512521519,-2.526298007
-3.258386917,-2.524959242
-3.020847786,-2.523837566
-3.689603154,-2.523635632
-2.626346336,-2.523570618
-2.472231236,-2.522605545
-2.701578813,-2.521968602
-3.317513533,-2.521936056
-3.669726112,-2.521634546
-3.408879057,-2.521587328
-3.468675717,-2.521062928
-3.620027959,-2.518237493
-3.467666643,-2.518042428
-3.523872196,-2.51762909
-3.339513103,-2.517360482
-3.312668183,-2.515571457
-2.779779148,-2.514972745
-3.452144557,-2.514803739
-3.535636664,-2.514240077
-3.401886573,-2.51378388
-3.678494549,-2.513696446
-2.527665321,-2.513696219
-3.210210124,-2.513251665
-2.804346447,-2.51307094
-3.241084926,-2.512016641
-2.532380983,-2.511759656
-3.445929195,-2.511208619
-3.421774781,-2.508008462
-3.186892446,-2.506572843
-2.575498467,-2.506273359
-2.602673219,-2.504929
-3.557069522,-2.504471662
-3.209434291,-2.504054332
-2.718008272,-2.503912677
-3.652449637,-2.50162981
-3.231322726,-2.50140657
-2.669387541,-2.500745345
-2.68536106,-2.500685274
-3.436346659,-2.500401637
-2.733962344,-2.498813566
-3.077077497,-2.49843224
-3.382999239,-2.498403674
-3.789485082,-2.49700865
-2.655539398,-2.49556861
-2.669616128,-2.494824397
-3.312271023,-2.494082591
-3.694768456,-2.493094511
-2.597450606,-2.492537921
-3.036754011,-2.490423375
-2.541647254,-2.490123234
-2.700735282,-2.489563448
-3.691475647,-2.488500227
-3.264315383,-2.487993427
-3.631145246,-2.487083273
-2.870089698,-2.484027926
-3.48099438,-2.483992115
-3.253789171,-2.483617607
-3.585707182,-2.482710349
-3.468177179,-2.482113642
-2.685403704,-2.481923415
-2.671836534,-2.481905998
-3.192388267,-2.48106628
-3.303207443,-2.480218389
-3.676512947,-2.47984251
-3.47596859,-2.478453904
-3.434068866,-2.478269156
-3.045708911,-2.477853635
-3.319907247,-2.477671211
-3.307260332,-2.477670374
-2.786281037,-2.477635598
-3.595465614,-2.476951379
-3.338062739,-2.476843221
-2.735625584,-2.476221879
-3.156040031,-2.475799405
-2.786697494,-2.475458784
-3.41428886,-2.474412045
-2.994721144,-2.472886397
-2.616804706,-2.472524553
-2.740914095,-2.472182266
-3.280857009,-2.471781577
-3.003506678,-2.471668354
-3.554742916,-2.468820404
-2.662520439,-2.46868401
-3.580424998,-2.467826775
-2.490878851,-2.467753932
-3.331965081,-2.467123814
-2.623747717,-2.467113307
-2.879582664,-2.465434755
-2.739826785,-2.465259477
-2.944711577,-2.464419851
-2.446468469,-2.464153708
-3.515743649,-2.463594439
-2.928654802,-2.462563663
-3.426910225,-2.460481951
-3.422639371,-2.458082987
-2.635986218,-2.457845344
-3.600164681,-2.457268963
-2.732005782,-2.456867168
-3.091836038,-2.456296769
-2.68823915,-2.455924762
-3.017109408,-2.455797569
-3.310834494,-2.455766224
-3.110624003,-2.45537351
-3.336568883,-2.454315586
-2.504999229,-2.453723778
-2.984892033,-2.452949607
-3.260841538,-2.452656508
-3.02384453,-2.452599559
-2.857138441,-2.450902158
-2.729574775,-2.450297925
-3.287894478,-2.449548994
-3.216294316,-2.448670542
-2.687102634,-2.448385775
-2.573350904,-2.448348081
-3.672700618,-2.446616186
-2.690936209,-2.44600199
-3.142114317,-2.445842914
-3.413524447,-2.445005217
-3.565093918,-2.443047365
-2.741358529,-2.441706681
-3.28606241,-2.440588238
-3.616860478,-2.440431915
-3.489346533,-2.438933173
-2.736149622,-2.438514357
-3.012408447,-2.437910298
-3.434020837,-2.437667239
-3.490224288,-2.437607877
-3.161814386,-2.437168341
-3.131032363,-2.436604992
-2.77070834,-2.436040215
-3.568400092,-2.435637422
-2.720610641,-2.435498277
-3.374478586,-2.433957216
-3.121727883,-2.433777949
-3.451086377,-2.433636374
-3.26600404,-2.43125562
-2.895173609,-2.430644206
-3.260529622,-2.42969624
-3.494369877,-2.428701238
-2.93181637,-2.428663578
-2.619564734,-2.42844271
-2.937580178,-2.428094236
-2.652472332,-2.427825855
-2.766595197,-2.427529665
-3.463364631,-2.426399058
-3.06738979,-2.424394609
-3.557595259,-2.424205357
-3.033823843,-2.423380638
-3.077778739,-2.422977576
-3.628558819,-2.422570402
-3.282863614,-2.42123311
-3.577598147,-2.419605614
-3.141827302,-2.419378573
-3.1589816,-2.419281064
-3.198261798,-2.418633602
-3.412373097,-2.41749671
-3.357008561,-2.417288196
-3.309131684,-2.416346132
-3.516509853,-2.416160332
-3.605693276,-2.415864755
-3.59070279,-2.414167609
-3.614515199,-2.413088125
-3.159235605,-2.413013698
-3.632458127,-2.412850388
-2.689318051,-2.412807135
-2.602321042,-2.412697342
-2.963396985,-2.412122304
-2.684687955,-2.41115502
-3.525754652,-2.410662094
-2.95322373,-2.409998591
-2.850686107,-2.408250691
-3.509600717,-2.405094076
-3.368287833,-2.4050066
-3.194202585,-2.404623727
-3.321693026,-2.404362312
-2.655483467,-2.403704925
-2.626802551,-2.402843101
-2.602304948,-2.402829984
-3.197935283,-2.401590179
-2.600261215,-2.401535101
-3.634046062,-2.400905395
-2.630003365,-2.400106554
-3.692093476,-2.399301122
-2.570279688,-2.399155882
-3.122290336,-2.398753666
-2.845295856,-2.398537004
-3.185666734,-2.397646637
-2.807093338,-2.394831969
-3.658590133,-2.392487951
-3.554292882,-2.392310619
-3.403932617,-2.391683528
-3.654169207,-2.391538201
-3.489492358,-2.391115424
-3.129140223,-2.390741415
-3.488460688,-2.389348143
-2.54543997,-2.386911782
-2.476858992,-2.386283257
-3.084232063,-2.386085684
-2.850526953,-2.385457141
-3.651934751,-2.383315161
-2.713299057,-2.381916555
-2.958040162,-2.380676519
-3.167215265,-2.380117808
-2.580523387,-2.379771993
-3.208018957,-2.379539534
-2.535105498,-2.379269476
-2.936115298,-2.379027588
-3.158647257,-2.378788221
-3.094956192,-2.378272911
-3.422013856,-2.378095825
-2.807936681,-2.374446822
-3.357362009,-2.373869579
-3.240084045,-2.373403448
-3.204216794,-2.373144672
-2.944558158,-2.373006421
-2.996583889,-2.372838001
-2.701958646,-2.371353508
-3.102324965,-2.370733853
-2.903183836,-2.369896574
-2.680072527,-2.368753747
-3.16718669,-2.368168248
-2.603296622,-2.368166441
-2.93531988,-2.367644479
-2.697705049,-2.367320422
-3.554081205,-2.367085958
-3.401005297,-2.367015314
-3.046715998,-2.365620843
-2.869730186,-2.365272179
-2.742162214,-2.362776827
-3.506322738,-2.361978909
-3.193567147,-2.361890363
-2.909971347,-2.361195379
-3.227673972,-2.361080214
-3.089928134,-2.360859128
-3.497566247,-2.360439779
-3.664419258,-2.35973039
-3.289900618,-2.359233251
-3.699298598,-2.35840775
-3.061901997,-2.357941885
-3.220760074,-2.357725906
-3.13891273,-2.357183036
-2.891288695,-2.357162682
-2.808970836,-2.356444772
-3.354500929,-2.356359079
-3.215262485,-2.354280179
-3.591845267,-2.354142225
-3.399954894,-2.353983838
-3.248984832,-2.352925805
-3.115782854,-2.351996107
-3.102736846,-2.351276402
-3.421052911,-2.350823302
-3.485985714,-2.350660529
-2.959202372,-2.350102875
-2.692346992,-2.349369648
-3.587801481,-2.348657012
-3.489625658,-2.348630859
-3.273284319,-2.347997504
-2.760026426,-2.346548448
-3.415061464,-2.345977009
-2.691479902,-2.345709552
-2.687752009,-2.344475386
-3.36599558,-2.344128087
-2.683410513,-2.342817867
-3.58455372,-2.341466232
-2.953526358,-2.340845741
-3.528214211,-2.340697233
-3.269234382,-2.339460352
-3.305885497,-2.338915218
-3.490151035,-2.338095344
-3.271819045,-2.337887393
-3.639576237,-2.336928062
-3.005814428,-2.336892384
-2.747889293,-2.336866446
-2.669536392,-2.336755055
-2.496384853,-2.336702819
-3.608344103,-2.336358098
-3.333257112,-2.335917919
-3.19340036,-2.335512496
-3.322793482,-2.334558376
-3.551325553,-2.334320405
-3.172413234,-2.332434912
-3.360743439,-2.332350545
-2.855245517,-2.331799573
-2.905199804,-2.330637522
-3.455400989,-2.330147882
-3.478421761,-2.329394064
-3.197862876,-2.329069569
-3.495299144,-2.328382035
-2.535996646,-2.328376387
-3.620521682,-2.328366052
-2.659745399,-2.32788305
-2.598921331,-2.326758882
-3.195695982,-2.324961124
-3.019072731,-2.324342605
-3.178444384,-2.324029297
-3.355777939,-2.322438056
-2.64516749,-2.322055385
-2.681615316,-2.321813837
-2.632547305,-2.319880365
-3.290087387,-2.317690761
-2.815041823,-2.317620112
-3.323425698,-2.316911745
-3.600401025,-2.315992665
-3.002985533,-2.314749062
-2.878359154,-2.314062133
-2.732161577,-2.3136045
-2.963758204,-2.312243452
-3.56147601,-2.311834224
-3.497900493,-2.310643125
-3.219361004,-2.310617514
-3.415020916,-2.3099808
-3.402877519,-2.307251026
-3.570472324,-2.306923832
-3.261655391,-2.305953752
-2.879636365,-2.305231526
-3.043788233,-2.305193568
-3.46429864,-2.304374423
-2.583979529,-2.304043013
-3.204643134,-2.302801563
-3.061451067,-2.302082895
-3.03332316,-2.30205517
-2.656805631,-2.300644033
-3.694156389,-2.300154919
-2.831158862,-2.299129825
-3.369281829,-2.298325055
-2.726688983,-2.297799416
-3.193141257,-2.29767924
-3.543519907,-2.296868199
-3.202965724,-2.296742014
-2.916528159,-2.295819117
-3.081174544,-2.29463848
-2.829276847,-2.292948173
-3.294432124,-2.292232872
-3.420362577,-2.292022571
-2.689111717,-2.288405031
-3.354272353,-2.287426518
-2.785466568,-2.287273855
-2.965843379,-2.286661435
-3.276526381,-2.284499761
-3.643067665,-2.284171696
-2.673926494,-2.283705555
-2.91630133,-2.282509896
-2.861070605,-2.281676001
-3.60924172,-2.28160325
-3.393307351,-2.281572943
-3.022282311,-2.280450229
-3.304827437,-2.278896086
-3.426878213,-2.277318546
-3.322758994,-2.27697022
-3.166753083,-2.273324678
-3.591873387,-2.273082239
-3.473869914,-2.272533546
-2.896573605,-2.27170894
-3.50781864,-2.271438507
-2.592138576,-2.267871811
-3.545748376,-2.267673445
-2.983428216,-2.267062577
-3.201195487,-2.266703015
-3.13308473,-2.265155955
-3.210268616,-2.264348652
-3.187676286,-2.262031977
-2.920137272,-2.261108626
-3.348745273,-2.259319236
-2.555897095,-2.258517534
-3.41469456,-2.258423426
-3.379912391,-2.255003115
-3.117548896,-2.254766694
-3.415706062,-2.253315712
-3.30244463,-2.252707152
-3.013434692,-2.25087685
-3.56720796,-2.250598511
-3.064284272,-2.250248026
-3.392397855,-2.247930136
-2.806333537,-2.247636856
-2.958303073,-2.246797991
-3.210930037,-2.246111313
-3.62498312,-2.243250914
-3.519832199,-2.242313802
-3.265382811,-2.241538147
-3.359726577,-2.241196967
-2.722859135,-2.239602022
-2.681973559,-2.238897966
-3.004013656,-2.238544056
-3.54247798,-2.238059131
-3.434201527,-2.237557525
-2.682710816,-2.237506626
-2.759298407,-2.237344236
-2.720299089,-2.237181069
-2.779254054,-2.23640948
-3.018814352,-2.235824358
-3.319366978,-2.235388823
-2.91290517,-2.235121465
-3.501442893,-2.234552682
-2.795238212,-2.234379425
-3.244769234,-2.23263648
-3.261565442,-2.231730244
-3.393718654,-2.230865821
-2.78042317,-2.227547764
-3.050375495,-2.227094176
-3.509952564,-2.226966437
-3.519243687,-2.226752517
-3.336559614,-2.225445504
-3.389226057,-2.224719256
-3.317104578,-2.223609154
-3.14756856,-2.222814254
-3.331176411,-2.221792973
-3.238816596,-2.221075745
-2.926909554,-2.220447195
-2.971178503,-2.219922786
-3.086351502,-2.219673642
-2.810826209,-2.219638002
-3.018196162,-2.217808801
-3.299909513,-2.215936309
-3.017398011,-2.215922985
-3.35975876,-2.215355824
-3.40747279,-2.214117866
-3.46374817,-2.21306431
-3.385919653,-2.212875741
-2.845786679,-2.212139593
-3.192520143,-2.211909627
-3.439615153,-2.21107426
-3.245663283,-2.209426458
-2.998388905,-2.205089028
-2.733608905,-2.204552014
-2.964988804,-2.202984697
-3.398264244,-2.201982922
-3.237890502,-2.199087353
-3.38340041,-2.198584958
-3.249668195,-2.198560536
-3.03643373,-2.19785028
-3.393330388,-2.196929792
-3.231122191,-2.196641419
-3.374318374,-2.195890326
-3.307522039,-2.195867708
-3.401079029,-2.192655339
-2.929363796,-2.190927938
-2.974043137,-2.189849128
-3.255309646,-2.189496967
-2.656656711,-2.188979203
-3.318920158,-2.188221315
-2.9527826,-2.186950128
-3.192436771,-2.18684209
-3.324093427,-2.186744889
-2.745794602,-2.186447424
-3.176602543,-2.186238786
-3.064587287,-2.185924571
-3.119871532,-2.183237149
-3.141360191,-2.182921689
-3.118036675,-2.182436227
-3.072562135,-2.182141125
-2.775686232,-2.181867537
-2.840786968,-2.179790538
-3.38099508,-2.179329896
-3.516436931,-2.178871254
-3.316194469,-2.178465705
-3.085947008,-2.178012148
-2.94743253,-2.177149069
-3.665830378,-2.176790045
-3.434864131,-2.174140284
-3.317058493,-2.173721765
-3.436273901,-2.173274407
-2.55189992,-2.167663387
-2.885493644,-2.164359313
-2.952146286,-2.164030607
-2.880845844,-2.163572819
-3.07404547,-2.163275054
-3.246056487,-2.163185289
-2.825475122,-2.163162021
-2.87132253,-2.162759581
-2.898560066,-2.162600881
-2.824764198,-2.161769922
-3.56233412,-2.161288324
-3.134655251,-2.16001753
-2.866963064,-2.159134431
-3.220190407,-2.158112625
-3.357175621,-2.156158384
-3.260477501,-2.150908761
-2.876213636,-2.148267205
-2.598803834,-2.146057077
-3.193403429,-2.145956468
-3.321318481,-2.14562644
-3.562354016,-2.145385372
-2.849794007,-2.145157278
-3.248464902,-2.144501958
-3.129544474,-2.144355805
-3.19445117,-2.142292489
-3.013410172,-2.140608279
-2.862317566,-2.137295279
-2.688586832,-2.136992101
-2.794425174,-2.13355657
-3.429209832,-2.133533613
-3.005673749,-2.130953775
-2.551020666,-2.130754126
-2.686589789,-2.130377038
-3.047435289,-2.129863346
-3.157518028,-2.128354877
-3.026071686,-2.126153982
-3.012926492,-2.125823131
-3.202827885,-2.124315881
-2.637519487,-2.122877713
-3.291101257,-2.12280992
-3.42811085,-2.122383168
-3.087455821,-2.121749371
-3.271339098,-2.11751282
-3.173267728,-2.117042461
-3.207758449,-2.116843923
-3.204492513,-2.116758335
-2.891671972,-2.114157796
-2.890905936,-2.114038456
-3.46274871,-2.112634342
-2.8582141,-2.112179854
-2.988423082,-2.111822725
-3.266887315,-2.111418598
-3.615941804,-2.110908135
-2.972699907,-2.110265046
-3.307147463,-2.110135295
-2.993766842,-2.109068618
-3.345113114,-2.10657888
-2.908220679,-2.105371405
-3.340716797,-2.105325064
-3.261477093,-2.105005969
-3.020211752,-2.104887841
-3.142404087,-2.104785515
-2.434068685,-2.104098116
-3.204198719,-2.103280352
-2.798569704,-2.102846005
-3.177110592,-2.101495911
-2.604881337,-2.101358166
-3.339467769,-2.101352518
-2.933577555,-2.099144868
-2.97025545,-2.096746778
-2.965909101,-2.09625335
-3.230038798,-2.096000272
-3.333875102,-2.09530127
-2.995855539,-2.09490887
-3.294532732,-2.094471912
-2.794253226,-2.094463441
-3.201179576,-2.093663806
-2.969991788,-2.092455955
-3.068611789,-2.091998365
-2.98964317,-2.091783246
-3.387549749,-2.091198427
-3.253128204,-2.090675415
-2.784689781,-2.090257772
-2.518283112,-2.089714209
-3.038693203,-2.089539213
-3.180925883,-2.087880258
-2.841819097,-2.087617919
-3.217376379,-2.086770398
-2.980696008,-2.085444214
-3.087230153,-2.083584213
-2.933071675,-2.082929707
-3.315205231,-2.082567952
-2.981149549,-2.082344297
-3.022129285,-2.081993344
-3.241235403,-2.081961494
-3.116013642,-2.081742089
-3.221785751,-2.080544197
-2.995759101,-2.078691689
-2.755134272,-2.078401208
-2.548076418,-2.077202945
-2.993860955,-2.075245572
-2.731344435,-2.074468985
-3.139364493,-2.07436896
-2.705272751,-2.073564111
-3.184092576,-2.073056296
-3.020745327,-2.071677329
-2.624546737,-2.071153609
-2.866260095,-2.068089557
-2.933749864,-2.064301489
-2.907782578,-2.0640324
-3.193166285,-2.060931905
-3.275949631,-2.059441752
-3.165588191,-2.056049915
-2.997193907,-2.055422803
-2.748895842,-2.052453326
-3.152234144,-2.051082447
-3.326188911,-2.049498822
-3.268006878,-2.044748508
-3.056208391,-2.043732814
-3.130562139,-2.042935056
-2.807649773,-2.042402547
-2.710322911,-2.04104101
-3.227135794,-2.040808379
-2.698290759,-2.040368223
-2.578442075,-2.039029718
-2.954319396,-2.03855905
-3.099855372,-2.037658863
-2.943408055,-2.036944697
-3.190653031,-2.036830045
-3.286468681,-2.034694767
-3.066246123,-2.034297464
-3.259017662,-2.032528347
-3.060679079,-2.032460981
-2.514736719,-2.03005504
-3.05552803,-2.029536237
-2.873340381,-2.029255424
-3.255291701,-2.027213411
-3.036944963,-2.025988688
-3.107315743,-2.025779357
-2.688018343,-2.025579265
-3.320958915,-2.025300724
-3.15955595,-2.025293867
-2.771495883,-2.023909821
-3.118893894,-2.021419895
-2.757166775,-2.021355159
-2.927513429,-2.020236235
-3.014017044,-2.019754532
-3.21815236,-2.01464318
-3.004444256,-2.013931081
-2.48717576,-2.012960449
-2.989342978,-2.012873204
-2.96828303,-2.012796024
-3.092783137,-2.012003759
-2.773735616,-2.010827947
-3.300600172,-2.010082183
-2.869832285,-2.008901024
-3.000221728,-2.008884747
-3.117052054,-2.007721829
-3.230644936,-2.007659075
-2.542630304,-2.007488453
-2.532227356,-2.005337545
-3.132606083,-2.003072907
-2.853804857,-2.002207473
-3.377210622,-2.002080177
-3.194912326,-2.001362377
-3.209792897,-2.000775089
-3.026266454,-2.000305144
-2.940027734,-1.999621288
-3.055349984,-1.999249272
-3.175697038,-1.99812777
-2.95339581,-1.997790564
-3.114825909,-1.997500243
-3.119395805,-1.992731101
-2.531236927,-1.990947876
-3.094552459,-1.988314613
-2.94268153,-1.987213272
-3.576483901,-1.986833861
-3.118569408,-1.985261567
-3.151924568,-1.983190551
-2.547913501,-1.98078955
-2.66708834,-1.980264274
-3.430927895,-1.979731629
-3.353050967,-1.978859439
-3.203332844,-1.97882294
-3.373319569,-1.978208774
-3.102575446,-1.977638981
-3.05986379,-1.975267953
-2.922403218,-1.974254677
-3.119001333,-1.972069102
-3.069241959,-1.97146252
-3.203511714,-1.970913542
-3.247923601,-1.970520343
-3.203533201,-1.970231599
-2.809330221,-1.969377234
-2.58076744,-1.969213477
-3.181403703,-1.965546704
-3.21871056,-1.964616159
-2.718109078,-1.964507511
-2.519252599,-1.962756517
-3.19256644,-1.959489761
-2.47872448,-1.958258863
-3.291037649,-1.958167274
-2.876645154,-1.95687355
-2.971641261,-1.954055211
-2.515743358,-1.954027775
-2.983344304,-1.953549624
-3.051728368,-1.953508576
-3.522301345,-1.947484922
-2.952819771,-1.946714521
-2.993062171,-1.946633568
-2.964229142,-1.946483378
-3.197848388,-1.946174933
-2.988325876,-1.945225717
-3.447489435,-1.94292215
-3.186204327,-1.938798538
-3.213808593,-1.93870078
-2.889937311,-1.937889631
-2.730769932,-1.936310245
-2.857408052,-1.936177276
-3.279012079,-1.935562506
-3.264536246,-1.933926906
-2.902381093,-1.931618225
-3.294903977,-1.929942047
-2.896309631,-1.927695198
-2.985032728,-1.923556635
-2.92360598,-1.923120238
-3.310279833,-1.922860869
-3.238278168,-1.921636147
-2.983415083,-1.921293271
-3.186033561,-1.920564398
-3.368781429,-1.918616957
-3.107944408,-1.917314974
-3.149373977,-1.916565967
-2.727965458,-1.914926242
-3.44478062,-1.913107968
-3.140515498,-1.91196698
-2.856497056,-1.911034664
-3.300839571,-1.910295657
-3.204702199,-1.909974053
-3.216307171,-1.908579272
-2.999196545,-1.90686037
-2.932389603,-1.905097242
-2.726711116,-1.904633548
-3.032376035,-1.90380304
-3.130834316,-1.903788032
-3.356311445,-1.90378623
-3.123235786,-1.903309054
-3.256684262,-1.902804896
-3.069329962,-1.897950224
-3.153665941,-1.897874512
-3.060070063,-1.897582139
-3.387329064,-1.89583691
-2.94426736,-1.895770853
-3.190869881,-1.894882355
-3.044885094,-1.894458803
-3.442599497,-1.893680118
-3.390694785,-1.893521521
-2.920481193,-1.892965249
-3.188374391,-1.891818335
-3.011214661,-1.891660999
-3.25759292,-1.890375476
-2.862200167,-1.89015595
-3.389096406,-1.890016189
-3.136384733,-1.889751949
-3.207562401,-1.888583802
-2.760855454,-1.887334505
-3.071436668,-1.886762771
-3.07834209,-1.882294008
-3.007139778,-1.881682447
-3.061608719,-1.88060838
-3.222867927,-1.879355196
-2.999670772,-1.878620198
-3.039916691,-1.878177643
-2.960005374,-1.87637124
-3.2216864,-1.876154132
-3.045632595,-1.87591021
-3.115484668,-1.875606323
-2.670717284,-1.874563978
-3.399610006,-1.872516724
-3.209906281,-1.871152539
-2.932479794,-1.871015018
-2.917624631,-1.870749346
-3.156875274,-1.869187482
-2.505691568,-1.868137581
-2.480977117,-1.864020693
-3.228789769,-1.863994235
-2.539293219,-1.862857306
-3.245642689,-1.861969113
-3.44711862,-1.861684095
-2.940057727,-1.861133756
-2.779519912,-1.860834067
-3.264507911,-1.858257252
-2.851756985,-1.858253
-3.214701784,-1.858004368
-2.95991741,-1.857454775
-2.560418349,-1.856376795
-2.929009282,-1.856340149
-3.196454856,-1.856245448
-3.390408491,-1.85613022
-3.225912696,-1.855732669
-3.002176617,-1.855157086
-2.895284497,-1.850271263
-3.573125288,-1.850009603
-2.887353756,-1.849705303
-3.183607888,-1.848367613
-2.844732789,-1.847525972
-2.914059586,-1.846712227
-2.882478779,-1.846372568
-3.254907876,-1.846233895
-3.412915975,-1.845884846
-2.952914394,-1.845793549
-3.061496986,-1.844661948
-2.967995738,-1.844464634
-2.974755779,-1.844340551
-2.957071139,-1.844112063
-2.801501236,-1.843481267
-2.801006676,-1.842995505
-2.576162736,-1.840871532
-2.841880613,-1.840446508
-2.788513975,-1.840315761
-3.285735334,-1.839677026
-2.971017517,-1.838309027
-3.003614749,-1.838064416
-3.27428019,-1.837940546
-2.851454693,-1.837488926
-2.95125975,-1.837464194
-3.307402622,-1.83605968
-2.900739343,-1.835336147
-3.355562155,-1.832919608
-3.029373073,-1.832773049
-3.111498379,-1.831940501
-3.42940824,-1.8293264
-3.095498515,-1.828643046
-3.310027592,-1.828379238
-3.342198811,-1.827714855
-3.346074693,-1.827059724
-2.91555366,-1.826680702
-3.170157406,-1.826655812
-3.347201769,-1.826577594
-3.006085579,-1.825022116
-3.292356478,-1.824887631
-3.328006073,-1.822895721
-3.025209134,-1.820655599
-3.304108833,-1.820338398
-3.092795533,-1.819264421
-3.298609253,-1.818808189
-3.417461468,-1.818770932
-3.150460899,-1.817962024
-2.590446895,-1.817557095
-3.112048236,-1.817269658
-2.986583962,-1.817162002
-2.872037882,-1.816139831
-3.278653404,-1.815190015
-3.131682465,-1.814951727
-2.841998748,-1.814918269
-2.888904327,-1.8146275
-2.960334367,-1.812396001
-3.21312231,-1.811860544
-3.024071443,-1.81180266
-3.034680363,-1.811224855
-3.332509276,-1.811223621
-3.271863291,-1.810574957
-2.890861778,-1.810162507
-2.861001218,-1.809971902
-2.988117829,-1.809865787
-2.984348143,-1.808965945
-3.0033068,-1.808407165
-3.134546159,-1.807280306
-2.612741766,-1.805924436
-2.894558691,-1.805643397
-3.107785872,-1.804584189
-3.136437904,-1.804410093
-3.297806099,-1.804344459
-3.201590119,-1.80412457
-3.379958398,-1.803618247
-2.807392831,-1.803115512
-2.789568769,-1.80253323
-2.902794474,-1.802441151
-3.191641741,-1.801525844
-3.217254479,-1.801452891
-3.003407192,-1.800707183
-3.185055084,-1.80065954
-3.292429178,-1.800585106
-3.207091976,-1.799926193
-3.343062362,-1.799232339
-3.188102732,-1.797998394
-2.994671237,-1.797519732
-2.847563612,-1.796091117
-3.008322532,-1.795934316
-2.966567968,-1.795782252
-2.549297053,-1.795710949
-3.213085755,-1.79540967
-3.336089485,-1.794544896
-2.986577877,-1.794072662
-2.983954688,-1.79403035
-3.180767034,-1.793651186
-2.861295604,-1.792135312
-3.212755211,-1.791913409
-3.093735961,-1.789321346
-2.808817117,-1.788952094
-2.980257212,-1.787287778
-3.159063811,-1.785627647
-2.782851104,-1.785559614
-2.528791913,-1.784964797
-3.217921486,-1.784785998
-3.184565519,-1.784668855
-3.228782456,-1.782645843
-3.408523193,-1.78201965
-3.285219082,-1.781161159
-3.162839682,-1.780349567
-3.167741878,-1.780338708
-2.549251744,-1.780250181
-3.178131248,-1.77915848
-3.325502471,-1.779086348
-2.490036842,-1.778885016
-3.3107651,-1.778852831
-3.270525254,-1.776263205
-3.055672227,-1.776099779
-3.25281051,-1.773596428
-3.291188059,-1.773118807
-3.071162816,-1.773091503
-3.166270459,-1.772279148
-3.324413686,-1.771582656
-3.229422343,-1.770721691
-2.897594983,-1.770234718
-3.367721018,-1.769354468
-2.982882769,-1.768880674
-3.095905429,-1.768800194
-2.742681063,-1.768638294
-2.895932104,-1.768627059
-3.370039466,-1.767175969
-3.240712097,-1.766721544
-2.811005525,-1.766719887
-3.221311446,-1.764556665
-2.981797512,-1.764205701
-3.02949324,-1.762135028
-3.011053871,-1.76192371
-2.932963736,-1.760995144
-3.121302215,-1.760149989
-2.965300057,-1.759459226
-3.218446363,-1.759191416
-3.247789076,-1.758609095
-2.771822296,-1.757194415
-3.258886233,-1.756771664
-3.166160566,-1.756378699
-3.312308669,-1.756101407
-3.198806238,-1.756100459
-3.355719517,-1.755548003
-3.4259918,-1.754930289
-3.225272405,-1.754875849
-3.058391403,-1.753615848
-3.332610818,-1.749496095
-3.172921984,-1.749167418
-2.433541915,-1.748196665
-2.977212979,-1.747597407
-3.231596015,-1.747453096
-3.021205247,-1.747297229
-2.914845132,-1.747015627
-3.221523261,-1.745624953
-3.259047102,-1.745543211
-3.165476654,-1.744058442
-3.143181519,-1.743965214
-2.6752355,-1.743269473
-3.191214639,-1.743140657
-2.697857528,-1.742339023
-3.001205752,-1.741362096
-2.830519442,-1.740744743
-2.994119344,-1.740326423
-2.92634274,-1.739792975
-2.789322468,-1.739483006
-2.602793011,-1.739411681
-2.879927236,-1.738741483
-3.15872886,-1.738558467
-2.910486192,-1.738468755
-2.935094731,-1.737964101
-2.87421928,-1.737117278
-3.151399728,-1.735718795
-2.849909881,-1.735489798
-3.038234891,-1.734775398
-3.057510962,-1.734629359
-3.090062996,-1.734156853
-3.012184579,-1.733596203
-3.221839077,-1.731040095
-3.181994316,-1.7307154
-3.12241765,-1.729294904
-2.545791108,-1.728231297
-2.810304553,-1.727020585
-3.288271213,-1.72584295
-2.684191797,-1.725813377
-3.290692382,-1.724519533
-3.275027647,-1.722458697
-2.860873264,-1.722158848
-2.754686301,-1.721340508
-3.283500983,-1.721290726
-3.054602411,-1.719921208
-3.030049425,-1.719517391
-2.845290293,-1.716547792
-2.552800929,-1.715073086
-2.847814266,-1.714614307
-3.192364149,-1.713678616
-2.950394364,-1.713621041
-2.406374209,-1.71330319
-3.05413548,-1.712398406
-2.951795322,-1.712325355
-3.290537803,-1.711940047
-3.193730982,-1.711930799
-3.177424395,-1.711021575
-3.178886211,-1.708011749
-3.051577041,-1.707035334
-2.961408888,-1.706841362
-3.044022923,-1.706823604
-2.776057513,-1.704204942
-2.919056354,-1.703556001
-2.80059942,-1.703357215
-2.961515026,-1.701109986
-3.301533003,-1.700828123
-3.311016543,-1.700715684
-2.774884623,-1.699000084
-3.061403339,-1.698739425
-2.852558706,-1.697162508
-3.289364576,-1.696672144
-3.271304822,-1.696607314
-2.661783313,-1.695977917
-3.042945008,-1.695446751
-2.445045369,-1.695412523
-2.948919304,-1.694971618
-2.856534369,-1.694641587
-3.163243356,-1.693796497
-3.294291839,-1.693247459
-3.23336439,-1.692797249
-3.173414691,-1.692643833
-2.656325452,-1.689964022
-3.263750591,-1.689757011
-2.901592527,-1.689218783
-3.21653985,-1.686632489
-3.249822996,-1.68629371
-2.889141231,-1.685043714
-3.022799796,-1.684602214
-3.04163121,-1.683633706
-3.296092937,-1.682341083
-2.876523536,-1.682295519
-3.018948202,-1.681712491
-2.986175254,-1.679273739
-2.8627088,-1.678949038
-3.146281037,-1.678406806
-3.048062788,-1.676490811
-2.967210349,-1.67632944
-3.218509143,-1.675416036
-2.926061823,-1.67444156
-3.423651997,-1.674376175
-2.699015775,-1.673388581
-2.801728117,-1.672191959
-3.146313578,-1.67018734
-3.207414851,-1.668951121
-3.351234313,-1.668441397
-3.347255537,-1.668295448
-3.261086176,-1.666449003
-3.041159266,-1.666031681
-3.213926505,-1.665023076
-2.715921658,-1.664658824
-2.971592528,-1.664448027
-3.388396719,-1.663494115
-3.005935865,-1.661885521
-3.107759612,-1.660961318
-3.113185251,-1.660711448
-3.322960847,-1.6605146
-3.059388806,-1.659416485
-2.727410401,-1.659082247
-3.095397278,-1.658494218
-2.721130194,-1.658014663
-2.348389264,-1.656667944
-3.199270428,-1.655729944
-3.450701557,-1.655373303
-2.939773347,-1.653871851
-3.214552223,-1.65379974
-2.830142048,-1.653264939
-2.567599112,-1.653016802
-3.05714086,-1.652061088
-2.858964067,-1.652023418
-2.863535473,-1.651926829
-2.556961382,-1.651145467
-3.209098539,-1.650934387
-3.245465652,-1.650107147
-2.566742288,-1.650091394
-2.990119861,-1.64983659
-3.15897663,-1.647935949
-3.278320241,-1.647926225
-3.088587696,-1.646809411
-3.114989359,-1.646039516
-3.168312134,-1.645990294
-3.081356706,-1.645638124
-3.278064278,-1.644964711
-2.411943433,-1.642974853
-2.850335986,-1.642729712
-2.450725817,-1.641725189
-3.318153518,-1.641526232
-2.480914429,-1.638825871
-2.813195885,-1.638572525
-2.718655245,-1.636650249
-2.485015481,-1.636327687
-2.759676762,-1.635833198
-2.782224207,-1.635827245
-2.692417404,-1.63535372
-3.123022923,-1.633693184
-3.111173064,-1.632120511
-2.724584268,-1.628703234
-2.784018,-1.626100695
-3.130230456,-1.62429276
-3.057558882,-1.623959881
-2.945241935,-1.622621605
-3.050825266,-1.622455699
-2.962178127,-1.622372613
-2.856393765,-1.622208332
-3.189527306,-1.622018506
-2.492307736,-1.62138483
-2.767750056,-1.621094125
-2.826258656,-1.620285939
-3.273333162,-1.619748341
-3.292273168,-1.61973395
-3.173408757,-1.619550841
-3.023962474,-1.619504145
-3.095384527,-1.619446558
-3.246664319,-1.617244826
-2.992034011,-1.61663773
-3.312968184,-1.61554892
-2.652535343,-1.615111387
-2.807310496,-1.61505731
-3.091553677,-1.614694495
-2.866510656,-1.614502893
-3.209723551,-1.61430569
-3.339885082,-1.612518802
-2.764729358,-1.611534047
-3.02825886,-1.611406126
-2.765317592,-1.609488376
-3.323189328,-1.607707153
-3.146161694,-1.607552071
-2.658091024,-1.607447718
-3.143413004,-1.606341181
-2.736917939,-1.605941855
-2.967658414,-1.605385304
-3.219905754,-1.603963323
-2.749359085,-1.602968476
-3.153640896,-1.602693697
-2.906835497,-1.601582448
-2.847809492,-1.601554282
-3.206895868,-1.601288078
-2.886368359,-1.600614724
-2.979962164,-1.600554323
-2.779208238,-1.600507577
-3.177596558,-1.600354157
-3.0108411,-1.600245705
-3.180778465,-1.59982065
-2.908497708,-1.598229661
-3.362975345,-1.597294564
-3.193906198,-1.597106216
-2.691032754,-1.596976348
-2.810044762,-1.596242136
-3.195032329,-1.594068117
-2.892220105,-1.593904182
-3.203241081,-1.592686055
-2.918517645,-1.59261931
-3.183851805,-1.591720985
-2.742517587,-1.591585503
-2.704703593,-1.591463575
-2.852679346,-1.590205772
-3.169199206,-1.589520728
-2.777954363,-1.589147605
-2.674844782,-1.588414575
-3.263206876,-1.588345128
-3.103009631,-1.588312313
-3.103797885,-1.584726033
-2.878844188,-1.583228935
-3.03917274,-1.583043596
-3.128524656,-1.582976614
-2.821656146,-1.582708356
-2.971251157,-1.582672473
-3.219390382,-1.582661626
-2.891827387,-1.581369509
-3.183287763,-1.580997824
-2.934516997,-1.578343794
-3.246767721,-1.57826781
-3.04769673,-1.577987096
-2.958719077,-1.577717048
-2.713305097,-1.577074278
-2.711586262,-1.57592412
-3.019905696,-1.575110546
-3.090357,-1.573066946
-3.096447131,-1.572799658
-3.142451243,-1.571870659
-2.908070269,-1.571461065
-2.849092382,-1.570882989
-3.094308008,-1.570154825
-2.728084421,-1.569778302
-3.321611186,-1.566600516
-3.032526157,-1.566170112
-3.206907434,-1.565790815
-3.215937742,-1.563037866
-2.641847443,-1.561827303
-2.712805126,-1.561805744
-3.227159203,-1.561268828
-2.829953452,-1.560912358
-2.973905521,-1.558884666
-3.155757399,-1.558426923
-2.999568831,-1.557897346
-2.657342463,-1.55697743
-2.803448518,-1.55697418
-2.67026499,-1.556477474
-3.014219574,-1.555891439
-3.124153135,-1.555492214
-2.867455833,-1.554978336
-3.086733649,-1.554658565
-2.767776344,-1.553904967
-2.884781422,-1.553755271
-2.791362863,-1.553201267
-2.975470137,-1.552900021
-2.675670117,-1.551449627
-3.283905289,-1.550766666
-2.678975521,-1.550645368
-2.996585082,-1.55054457
-3.100035155,-1.550487752
-3.127838915,-1.548901132
-2.671577851,-1.545278343
-2.781391287,-1.545231467
-2.947930411,-1.543812774
-2.959775568,-1.540829162
-2.88144416,-1.540735355
-2.843479525,-1.540531978
-2.760817284,-1.539080384
-3.220700365,-1.535847437
-2.725617456,-1.535315595
-3.253508288,-1.534940812
-3.391445479,-1.533634109
-3.179707568,-1.533025951
-3.015062587,-1.532034753
-2.707261986,-1.531780731
-2.75960297,-1.531751554
-2.663185503,-1.531341117
-2.668971665,-1.530485314
-2.765829223,-1.529176149
-2.763121253,-1.528261774
-3.198921504,-1.527702569
-2.923021745,-1.527375507
-3.155809543,-1.527344523
-3.374703948,-1.527149629
-3.217726478,-1.525285538
-2.794782135,-1.524755989
-2.972236802,-1.52258732
-2.962418082,-1.519723421
-3.068379056,-1.518627312
-3.221150903,-1.518393245
-3.036264711,-1.517459253
-3.083902317,-1.517434319
-2.784279003,-1.516853976
-2.67596832,-1.516473731
-3.02480027,-1.512692776
-3.272647947,-1.512339968
-2.409756902,-1.511039407
-3.239922012,-1.510881907
-2.904925578,-1.51070999
-3.222870049,-1.507832009
-2.415852483,-1.507267333
-3.253396994,-1.506673655
-3.149088717,-1.506499423
-2.818554104,-1.506380188
-2.549610473,-1.506362206
-2.812271159,-1.505297345
-2.694188867,-1.503240106
-2.561568042,-1.50278489
-3.231958192,-1.499894222
-3.134562396,-1.497213595
-2.93000577,-1.496926369
-3.333115814,-1.496751101
-3.259818286,-1.495445853
-2.641700803,-1.494465627
-2.563874334,-1.494227917
-2.690546676,-1.49238937
-3.072579482,-1.491442298
-3.048459162,-1.490171604
-3.223171783,-1.489701235
-2.569566627,-1.489020704
-2.668270579,-1.488216444
-2.973646329,-1.484776606
-2.654382715,-1.483033664
-2.98380177,-1.481914871
-2.778699391,-1.481824108
-3.208199116,-1.481655636
-2.661950698,-1.481455699
-2.695728156,-1.480020037
-2.710300161,-1.479793568
-3.194031104,-1.477812328
-2.749676711,-1.477197444
-2.659323251,-1.476977984
-2.709359588,-1.476863115
-3.099863707,-1.476605464
-2.752315722,-1.474492804
-2.85317919,-1.473699972
-3.156028013,-1.472810469
-2.720512668,-1.471950787
-3.092901448,-1.468441607
-3.11434589,-1.468068147
-2.736268796,-1.466942404
-2.712785077,-1.466312763
-2.926270042,-1.466194472
-3.321233331,-1.466193528
-2.677221367,-1.465662238
-2.795774295,-1.465529371
-2.952317049,-1.46511278
-2.618122213,-1.464708474
-3.126946092,-1.464426317
-3.230357577,-1.464061134
-2.974994757,-1.463876151
-2.666861899,-1.463490813
-2.799220218,-1.460639574
-2.812117507,-1.459957739
-2.79782355,-1.458041819
-2.783730061,-1.458004911
-2.66214394,-1.456296917
-3.302183919,-1.456097218
-2.669967849,-1.455914253
-2.619134208,-1.455694272
-2.918869431,-1.455615994
-2.690840314,-1.454387803
-3.20007831,-1.452042892
-3.067667265,-1.451945768
-2.785728267,-1.451619942
-2.962624882,-1.45159695
-3.093217058,-1.448554043
-3.265676998,-1.447921071
-3.022521899,-1.446067346
-2.750112594,-1.440089713
-2.651915251,-1.438852998
-3.231432516,-1.437973193
-2.861267508,-1.437874788
-2.679773566,-1.437755212
-2.792704423,-1.437342404
-2.420030181,-1.436615034
-3.103805194,-1.433216994
-2.749899346,-1.431350335
-2.741100869,-1.431130574
-3.081021378,-1.430428668
-2.735929554,-1.428800071
-2.473544928,-1.428515517
-2.663631193,-1.427591173
-3.279197492,-1.426155599
-2.662474154,-1.425418624
-2.756585782,-1.425353553
-2.645856297,-1.425022747
-2.876506022,-1.424997182
-2.764701146,-1.424391432
-3.195632212,-1.424365177
-2.759576616,-1.420993309
-2.343153834,-1.420692025
-2.773511921,-1.420447736
-2.704693231,-1.41964281
-3.188786499,-1.419430278
-2.853378526,-1.419297466
-3.08729966,-1.418739384
-3.091105333,-1.418613453
-3.147572853,-1.418028995
-2.658054289,-1.416392072
-2.811441811,-1.413231056
-2.928582289,-1.412981528
-2.430347729,-1.412617914
-2.949251044,-1.412340607
-2.911989248,-1.411463922
-3.044611038,-1.411141193
-2.689949832,-1.410117866
-2.664442372,-1.409290363
-3.119430814,-1.408756244
-2.770081463,-1.40822028
-2.436843236,-1.407991572
-3.074778583,-1.407528331
-2.848784462,-1.405177409
-2.634035255,-1.404973771
-2.776375443,-1.40376248
-3.219873776,-1.403711911
-3.121591182,-1.402842407
-2.606485095,-1.402047977
-2.695325641,-1.40139639
-2.660561838,-1.401211698
-3.142472839,-1.400090607
-2.663666032,-1.397288401
-2.682549871,-1.395673484
-2.997346363,-1.394164628
-2.978290169,-1.393450907
-2.855096803,-1.393355805
-3.195893176,-1.392747506
-2.746828366,-1.390980184
-2.729657805,-1.387884761
-2.935178921,-1.386488564
-3.27210647,-1.38486874
-2.747582501,-1.38421472
-3.225221453,-1.383568022
-3.19475117,-1.383041908
-2.728897983,-1.382455536
-2.662668467,-1.38226004
-2.76577611,-1.381913601
-2.725336043,-1.37969206
-2.88771429,-1.379424057
-2.783372417,-1.377637416
-2.891377135,-1.377242595
-2.746173868,-1.375764009
-2.75704501,-1.374442047
-2.905079806,-1.373052212
-2.916436269,-1.372228145
-2.712091711,-1.371627309
-2.80882855,-1.370480855
-2.951147103,-1.369697278
-2.6900094,-1.367212997
-2.774816138,-1.367073641
-3.263904238,-1.363107556
-2.924435673,-1.363035492
-2.812753365,-1.362706619
-2.645634756,-1.361115074
-2.629476037,-1.358933591
-2.860828367,-1.358779998
-3.231328566,-1.35760184
-2.695269992,-1.356866035
-2.650917983,-1.356225087
-3.118303822,-1.351941329
-2.716291222,-1.350961189
-2.66802961,-1.349116825
-3.181471942,-1.348484756
-2.738532622,-1.348060479
-2.730307546,-1.347569576
-3.24919469,-1.345719815
-2.832395372,-1.342678258
-2.831160196,-1.342102624
-2.846118662,-1.341364642
-2.795224496,-1.340616437
-2.621068109,-1.339501103
-3.214336349,-1.338789841
-2.703330335,-1.333446825
-2.960173175,-1.333265031
-2.793172248,-1.328810348
-3.181081595,-1.328129699
-2.661299919,-1.32731879
-2.964391109,-1.327228711
-3.216873211,-1.325286459
-2.913696325,-1.324635882
-3.141104418,-1.324161708
-3.275774933,-1.323298885
-2.90089447,-1.32295047
-2.794339706,-1.322079901
-2.622143528,-1.30749865
-3.1603729,-1.306524955
-3.241013633,-1.305885989
-2.823023509,-1.305531544
-2.824663541,-1.304809812
-3.252409487,-1.303195945
-2.761577371,-1.30277047
-2.948584254,-1.302601876
-3.135442067,-1.300416649
-2.79399875,-1.300169202
-2.992443023,-1.296714854
-3.038238448,-1.294860144
-2.84989133,-1.294614482
-3.240227717,-1.293854599
-3.259933568,-1.289734848
-3.004531307,-1.288303692
-2.867882385,-1.287789957
-2.729937018,-1.285611852
-3.171311869,-1.276487315
-2.917535698,-1.275436127
-3.22714813,-1.272407976
-2.708084542,-1.272274478
-2.690514787,-1.270150561
-3.218933465,-1.268292913
-3.073668944,-1.261081563
-2.792173105,-1.256044603
-2.688808236,-1.255978134
-2.767370357,-1.249986446
-2.730605442,-1.248814878
-3.416756249,-1.248407611
-2.867068245,-1.248191148
-3.222868924,-1.247082312
-3.148943615,-1.246074111
-2.996110669,-1.243381676
-3.257390459,-1.242574216
-3.145076357,-1.239343481
-3.016942302,-1.239197059
-3.22982978,-1.23272749
-2.887616347,-1.232315146
-2.814812204,-1.23128172
-2.698043882,-1.224709779
-3.253530915,-1.222308047
-2.769149166,-1.221265502
-3.132623318,-1.219590716
-3.431152912,-1.218749093
-2.861873283,-1.21810978
-2.809589883,-1.21181066
-3.141693758,-1.21082278
-2.974591489,-1.210322994
-3.179395545,-1.199150424
-2.748373262,-1.19763307
-3.067793524,-1.196781747
-3.166968865,-1.196098911
-3.254409816,-1.194283657
-3.039853687,-1.178520509
-2.818906834,-1.177288435
-2.920828243,-1.165694098
-3.240490559,-1.152507516
-2.928426058,-1.15039678
-3.145147329,-1.141909023
-2.821445691,-1.137752989
-3.233252935,-1.137369282
-3.257516718,-1.134745085
-2.739318569,-1.125808782
-3.251597424,-1.12117246
-2.916856973,-1.102113301
-2.888460541,-1.100201563
-3.219254465,-1.099679836
-3.206662619,-1.094438334
-3.222563512,-1.072435244
-3.50047028,-1.0633716
-3.21550826,-1.058761302
-3.011197691,-1.054388076
-3.243796211,-1.053274358
-3.223824519,-1.051450564
-2.907092879,-1.03008525
-3.184104681,-1.025748462
-3.193610366,-1.015969004
-2.998158723,-1.012934424
-3.001983972,-1.001040579
-2.973844287,-0.954943921
-3.294971813,-0.93950144
-3.14741909,-0.932378118
-3.40459364,-0.907853249
-3.049975847,-0.879897579
-3.045393173,-0.862103215
-3.035635537,-0.857932482
