Log_DeltaBA,CMIP_deltacVegTree
-5.346952134,8.901068263
-5.299753573,8.094200333
-5.253826824,8.751356996
-5.247727489,8.783961423
-5.225360656,8.779970796
-5.218515774,8.617466324
-5.211901857,8.653614818
-5.199538033,8.746797995
-5.182215404,8.384367673
-5.165012222,8.566176437
-5.114196577,8.839197478
-5.044950303,8.924910796
-5.034787315,8.844173033
-5.031199808,8.98761673
-5.029382762,8.9086654
-5.0265387,8.660574916
-4.985858568,8.494268409
-4.94447719,6.525701367
-4.926686199,8.320783866
-4.917310753,8.570439497
-4.875394156,8.380089459
-4.867699155,8.948003126
-4.844377668,8.667664382
-4.831167356,8.161455368
-4.825448531,8.394050237
-4.805988936,9.014220636
-4.780452371,8.368950699
-4.767076021,9.365296482
-4.760353317,8.267159096
-4.700698823,9.092554218
-4.684850685,8.790343137
-4.678002866,7.669917238
-4.6719038,8.308837602
-4.658745509,8.301970746
-4.641077301,9.059608819
-4.634389658,6.703525449
-4.596105587,7.369403789
-4.584761458,8.241903198
-4.559390151,9.232166851
-4.554348312,8.016975233
-4.552721713,9.272646281
-4.550396292,8.406923468
-4.523449054,8.021181973
-4.510045544,7.255663753
-4.501647049,8.843424986
-4.500833149,8.853372258
-4.498411235,8.427666976
-4.496710601,8.777401128
-4.492987586,6.112160204
-4.456863951,9.009199695
-4.446221873,8.19089307
-4.442985898,8.155309155
-4.442448783,8.341623613
-4.423485483,9.445251393
-4.405995288,9.132684643
-4.388674897,6.265265924
-4.38753913,8.986532994
-4.384485234,9.279268794
-4.36485988,7.933470613
-4.345006266,9.035013559
-4.341513364,9.46503557
-4.323292057,8.605384562
-4.320427082,8.687603714
-4.311885457,7.873794723
-4.308193795,7.676362004
-4.307707994,9.653754036
-4.306427126,8.92825304
-4.281489589,8.970970701
-4.277244309,9.019066781
-4.258410723,9.232664042
-4.253434378,7.934814735
-4.240180194,8.903606042
-4.236204966,7.965671924
-4.220657575,9.417557887
-4.214339349,7.578184365
-4.20666408,7.777423604
-4.201624068,9.160454783
-4.193819319,6.156909563
-4.174317275,9.633659126
-4.171404077,8.124781914
-4.121984189,9.229667334
-4.120160901,5.753259909
-4.114246333,8.959323922
-4.111715112,5.935681025
-4.110148189,7.781847678
-4.107783242,8.905610741
-4.082110531,7.849483955
-4.072280293,8.153254216
-4.065944345,7.708516202
-4.047866621,9.380351277
-4.039020243,8.04417547
-4.013617066,7.673235869
-4.012309225,8.630226637
-3.992234706,5.542752916
-3.987378603,8.244999708
-3.975850955,7.625311575
-3.974380432,5.398460669
-3.963387843,7.086086925
-3.957744602,8.313365103
-3.945298248,8.047304363
-3.940078459,6.26635375
-3.936756806,7.463135275
-3.903529282,6.709188238
-3.900279764,8.070420162
-3.899359455,8.998492251
-3.897994493,8.66015156
-3.893968855,9.491772646
-3.892109214,7.613741754
-3.890935297,6.48154865
-3.880664837,9.066568061
-3.874832421,7.088648997
-3.867849893,8.90987776
-3.867831996,9.510351407
-3.866119842,5.556973337
-3.854206416,8.681234875
-3.845782146,8.518736918
-3.843473313,7.897185121
-3.840464596,9.779734987
-3.829458504,7.824678734
-3.803099409,8.368227178
-3.776615265,7.288089532
-3.755152246,9.098065046
-3.754001518,8.896048682
-3.749053386,8.952271452
-3.735004754,5.828877955
-3.732203202,8.882289775
-3.721374423,6.570977274
-3.718391353,7.798656053
-3.697070655,4.301596241
-3.678340739,8.528442537
-3.670668044,6.041134818
-3.668648187,8.385752299
-3.667975768,3.58584344
-3.658187878,4.274140528
-3.654586358,6.163179328
-3.639013617,6.268562538
-3.636682697,8.751387002
-3.630048937,8.900401748
-3.616408389,6.546670821
-3.612520713,8.279104038
-3.601554393,7.488288916
-3.597508423,8.454726799
-3.588242097,7.634281305
-3.586410175,7.901350837
-3.56951929,6.55379833
-3.566543263,6.975189741
-3.562510462,8.829930661
-3.55893064,8.856470511
-3.554198878,8.8612829
-3.5458606,9.340722485
-3.540626975,7.737697852
-3.536191251,7.617423994
-3.535334045,6.101805961
-3.530399728,6.176795289
-3.52630136,6.776875956
-3.518557295,5.715799106
-3.508435996,5.271617997
-3.494303563,9.060571283
-3.490872664,7.559464782
-3.464719302,6.165355727
-3.461863918,8.278467027
-3.460229356,8.920914909
-3.459867018,9.005058512
-3.455579221,8.959502872
-3.438839132,6.565126966
-3.434491859,8.880467133
-3.432505531,8.977171353
-3.428500975,8.91251388
-3.427043036,8.422384112
-3.408635616,7.668889837
-3.401781463,8.093400096
-3.400206983,5.590679802
-3.399951788,5.415084293
-3.391491745,7.663580073
-3.380537293,7.129809689
-3.375680051,7.793699743
-3.348813294,5.683515682
-3.346414619,6.029925689
-3.343424061,8.171704729
-3.337668306,7.074834318
-3.336830604,7.73915078
-3.328770077,9.121928595
-3.326447641,5.251560398
-3.32218124,6.113889815
-3.281654026,8.831980767
-3.274675935,7.675672879
-3.270601837,5.029535553
-3.269499953,8.748535873
-3.266851408,6.828366748
-3.265223793,6.435026477
-3.264608729,6.304567357
-3.263394069,8.749592496
-3.260506572,8.96119108
-3.257696567,8.820864233
-3.250561887,8.795564686
-3.243610732,7.062856123
-3.235246036,9.856377892
-3.234692923,8.746450874
-3.234075139,5.828841834
-3.231869153,5.297172234
-3.228178627,3.214919752
-3.224953429,8.580818188
-3.219713314,5.647354821
-3.202200261,7.676677641
-3.200931275,4.877461376
-3.192277466,6.719605882
-3.191250421,8.976856116
-3.179774255,8.697669999
-3.175632605,7.257608037
-3.167764262,7.677018892
-3.167526071,5.853841425
-3.16654602,8.847439439
-3.166135798,9.574181993
-3.163948907,8.043057816
-3.159983625,8.070149323
-3.159591364,9.119557448
-3.158258344,7.89865444
-3.151290698,8.838184706
-3.141221809,4.194835488
-3.124709246,6.526539767
-3.123792116,8.183326281
-3.116351413,8.894724952
-3.115773278,8.39691192
-3.103297897,7.314462582
-3.101822736,7.726632841
-3.098712043,8.440193966
-3.087944217,6.195710667
-3.087104725,8.321439544
-3.084658909,9.288854672
-3.084062592,6.544645743
-3.081708947,8.103835364
-3.078087997,6.307586064
-3.075992526,6.448020024
-3.07595796,5.148860921
-3.067503345,6.393975008
-3.065169672,7.971174229
-3.064673142,7.280104853
-3.061453893,6.416806032
-3.057636896,5.937640759
-3.055426171,8.685835716
-3.051699039,6.35353899
-3.049154896,5.791712386
-3.04742335,6.292771227
-3.045419942,6.289177844
-3.042258806,5.766688952
-3.041812352,5.789123647
-3.039956204,7.479802384
-3.033695612,9.015827582
-3.028679204,6.680994516
-3.027762459,9.512333517
-3.026456209,8.998572586
-3.022794334,9.116678241
-3.020949142,5.870282584
-3.019923785,9.116240815
-3.019687168,8.910644595
-3.019489989,6.750184098
-3.019251756,5.083922249
-3.017426765,8.677600265
-3.016259182,6.226766624
-3.01222961,6.850011734
-3.011125841,6.812588813
-3.010941022,6.881852048
-3.00333502,6.462939432
-3.00214914,8.663743233
-2.999160288,9.934364959
-2.998742685,8.571679719
-2.996222031,7.574690095
-2.995078927,7.895028136
-2.98071791,6.775210087
-2.980410841,6.206453111
-2.977127025,5.437602663
-2.976342769,6.44176567
-2.974573921,4.592777152
-2.973034578,6.949435415
-2.971407686,9.244832123
-2.969627894,4.699688232
-2.968194909,6.221250559
-2.965938022,5.327475808
-2.964325805,7.446043884
-2.959017494,9.10829178
-2.957824809,7.352004436
-2.956891076,9.060027228
-2.956538851,7.216616924
-2.955809405,5.170876795
-2.95142675,8.606091667
-2.950991363,6.962922952
-2.95082122,7.757630569
-2.950160751,8.690247713
-2.947187542,7.584239924
-2.946847518,7.682012708
-2.94524953,5.247317287
-2.94429714,4.484728335
-2.941591494,6.871098114
-2.940234993,7.407112856
-2.938768998,6.264455201
-2.938699915,7.163861062
-2.937985504,10.73724377
-2.936751923,9.618814469
-2.934321503,9.063417539
-2.93348832,8.12012379
-2.93331584,8.836260644
-2.933307218,1.904884676
-2.932802748,6.716717742
-2.930834828,7.359618166
-2.929013324,8.974705654
-2.928457852,7.531518589
-2.923947446,9.374802391
-2.923347363,6.977996582
-2.922997828,6.819220299
-2.918285728,4.832751608
-2.915569416,7.922698044
-2.915421269,5.816318741
-2.914017772,6.622025996
-2.91361108,6.441835524
-2.913434122,8.842876892
-2.912305183,6.78957708
-2.910174546,6.442505122
-2.909948577,7.67353309
-2.909867962,7.24262303
-2.907510839,7.718545531
-2.901497776,8.097365138
-2.901406175,6.288865301
-2.899530931,6.25239842
-2.896483506,9.484018965
-2.896268552,6.299460305
-2.896054876,8.343312527
-2.895880149,6.148511731
-2.894601908,9.890748204
-2.894250961,8.23985225
-2.893611542,5.132961971
-2.893377385,9.963023089
-2.893256932,7.55626296
-2.892995342,7.742493989
-2.892481555,10.19552519
-2.88963754,9.542849416
-2.887172517,7.012250937
-2.8859869,7.070183277
-2.885742353,8.732118746
-2.884119302,9.197562024
-2.881505096,7.178094624
-2.87879353,8.160150447
-2.877252606,6.234506204
-2.876575239,8.99618881
-2.876356663,9.561983278
-2.873146365,6.797907036
-2.872764703,7.011874137
-2.872308629,7.280698659
-2.87213961,6.432366111
-2.871438227,4.279183141
-2.871118181,6.808821532
-2.871008844,7.689269771
-2.869161905,6.148030385
-2.868783181,6.671159995
-2.867947395,6.697473225
-2.867432999,9.584442662
-2.864878149,8.278621297
-2.864867085,6.800543724
-2.86401913,9.166481829
-2.86217875,7.065735356
-2.861373511,7.708165441
-2.858506151,7.170540371
-2.858140711,6.857743577
-2.85501168,7.281297092
-2.854960499,8.298116532
-2.85418997,7.400078121
-2.850527087,8.430909132
-2.849181549,8.848741974
-2.848917508,6.382905631
-2.847719939,6.798742572
-2.843600483,4.921908294
-2.843094916,9.07943073
-2.84152187,6.112911721
-2.839771582,7.800029072
-2.838793075,6.874526352
-2.837795731,6.333180264
-2.835986805,6.795752539
-2.834818811,6.31389057
-2.834017186,7.206238569
-2.832500004,6.836400495
-2.83014241,4.731377327
-2.829654643,8.180526908
-2.828543213,10.23724322
-2.825747671,6.548509915
-2.825568887,7.727348047
-2.825062085,9.360592433
-2.824922154,7.384982375
-2.82294834,10.80242439
-2.82272002,6.800400744
-2.821568463,8.348834796
-2.821423783,4.523750937
-2.82130805,8.469278268
-2.819320913,7.546422193
-2.815744332,6.965982699
-2.81431633,7.550793703
-2.814066474,8.619769445
-2.81243462,6.861934912
-2.809953506,6.410847125
-2.809814087,6.985088336
-2.809647721,6.837584778
-2.807069734,7.683319386
-2.806624471,9.246605115
-2.806477415,9.648007519
-2.803655052,8.865185471
-2.803091067,7.115843044
-2.802327253,8.783961179
-2.801143302,7.185009267
-2.800164735,9.078312984
-2.79972556,7.793656612
-2.799283637,6.433027182
-2.799255571,6.201363474
-2.798434277,8.880509021
-2.79611115,7.69106355
-2.794959891,7.00373355
-2.793808,8.939293539
-2.793761578,6.985353105
-2.793350428,6.038222467
-2.792283783,6.351403126
-2.791131405,4.761616981
-2.791083082,7.179161651
-2.791011704,7.235398697
-2.790222718,10.76919892
-2.788667261,8.684388822
-2.78787886,8.914137922
-2.787347975,6.827259014
-2.787227987,6.278776495
-2.785953978,7.336435507
-2.785567984,6.727378054
-2.78396688,7.145155983
-2.780824155,6.123503737
-2.780735617,5.857250495
-2.780222439,6.646134968
-2.779609939,7.006077152
-2.77934289,6.734605132
-2.778901237,7.696876316
-2.778408039,6.502400342
-2.777955627,5.129889254
-2.777919237,3.999185302
-2.775823357,6.374536829
-2.775254074,6.090322519
-2.775054258,8.162519789
-2.773233587,8.581457707
-2.768401479,5.810050613
-2.768299703,7.032422551
-2.766603907,4.274135593
-2.766216017,7.616310364
-2.765152558,5.221558114
-2.765033017,6.86838129
-2.764770087,6.743511554
-2.763099765,5.934617345
-2.76281985,7.150934277
-2.761510754,6.253194659
-2.761112722,9.506678611
-2.760800772,6.089853202
-2.76041712,6.776577063
-2.760412471,6.922850989
-2.759608829,6.586308074
-2.757655744,8.204153386
-2.757515229,6.338916127
-2.756964102,6.391734301
-2.755788689,7.377044843
-2.754627677,6.998876321
-2.752967511,6.857469957
-2.752791737,7.719249895
-2.752312214,8.972107946
-2.751439654,8.205260717
-2.750153676,6.939487808
-2.748849736,9.015323178
-2.748280057,7.779098198
-2.748129787,7.604856364
-2.747511102,9.129493646
-2.747396043,8.044029976
-2.747315117,8.793444065
-2.745711435,9.266136292
-2.744991689,8.64278745
-2.744579405,9.391056655
-2.743270838,7.25940905
-2.74083287,7.577312527
-2.740515411,7.778872135
-2.739997796,6.125247245
-2.73970637,7.681114985
-2.738894797,5.327059135
-2.738184744,6.35962442
-2.7379407,8.15060897
-2.737316698,5.914228612
-2.737199633,6.11192832
-2.735959769,7.115759234
-2.735916898,7.343303298
-2.735470745,6.550887046
-2.7328974,6.059457292
-2.731882146,6.041896545
-2.731615143,7.354723127
-2.731451513,5.882986394
-2.730414435,8.447456078
-2.729375089,7.743915902
-2.729227747,6.38212522
-2.728702389,5.741128857
-2.728255834,5.050166502
-2.728188713,7.391857401
-2.727071436,6.450571903
-2.725207257,7.206637016
-2.725161163,6.748486147
-2.724375348,6.301818482
-2.724264161,4.597785304
-2.723456283,6.567393842
-2.721003356,6.371662797
-2.720741687,7.950531551
-2.719608947,5.40766904
-2.719103841,8.970288939
-2.718307612,8.317109409
-2.717185258,8.175942485
-2.715906832,6.120498637
-2.715114988,7.182013682
-2.714404909,5.615201651
-2.713359496,7.530938085
-2.71305476,8.855081846
-2.712698361,6.693653723
-2.710269569,7.846517765
-2.709522519,7.780525824
-2.709380334,6.663884762
-2.709142365,8.043107905
-2.709025748,7.859347078
-2.708473688,5.901024796
-2.707634398,6.159136104
-2.70730238,6.551008548
-2.707162192,7.544046502
-2.706803169,6.216022803
-2.706366653,7.603546754
-2.705676005,6.739587493
-2.705074919,5.968338436
-2.704020501,5.42416634
-2.703919101,4.522430599
-2.703579967,6.845357898
-2.703308475,8.251943966
-2.703043084,6.320451657
-2.702252989,7.023217229
-2.701916595,5.880353252
-2.700164725,6.401191049
-2.698418206,7.542713559
-2.698146645,7.534676204
-2.695725544,8.412363657
-2.6956187,5.591406876
-2.695340341,3.858891116
-2.694992531,4.956970059
-2.692357397,3.436968308
-2.690331116,7.428917393
-2.68845177,5.170117774
-2.688065914,7.090747295
-2.687237781,7.780982365
-2.686906214,7.347683502
-2.684839929,5.909965292
-2.684765197,6.449395037
-2.684002376,6.400005647
-2.682379375,7.105506918
-2.681589408,8.872329757
-2.681151722,4.500781461
-2.681029735,6.326057721
-2.679970017,8.819417187
-2.677516168,6.978604654
-2.67564301,4.965277585
-2.674518518,9.143841338
-2.673479346,4.263451449
-2.672164732,7.32467757
-2.670998165,6.395118938
-2.669324695,5.216733312
-2.668475799,7.133217502
-2.66780167,8.216583687
-2.6670786,7.568858677
-2.665408786,7.757073686
-2.664331803,6.157202948
-2.6634536,8.846155357
-2.663265775,6.375315629
-2.663116999,8.352602482
-2.662207609,7.934141188
-2.661878324,7.376893586
-2.660435748,6.962342093
-2.660264824,8.921903498
-2.659388247,9.45928965
-2.6587858,9.46424921
-2.658546714,6.735692135
-2.656962475,7.729780688
-2.65641268,6.033286426
-2.655199988,5.97618527
-2.654478586,7.001925345
-2.651824374,6.014625855
-2.650825934,7.561875758
-2.648895819,5.886859019
-2.64844646,7.557027969
-2.646927712,7.111878438
-2.645051963,7.062701754
-2.643641663,7.073012591
-2.64351378,6.535451793
-2.643427745,5.945412685
-2.643391066,6.828210541
-2.643363884,7.824187621
-2.64248199,5.049027978
-2.641104386,7.164512875
-2.640508652,4.317173015
-2.640250647,6.17178737
-2.64008128,4.119098862
-2.639537918,7.546625307
-2.639478161,8.465639751
-2.63898246,8.330879868
-2.636712501,7.168100639
-2.636091432,8.775156032
-2.635864408,7.667896133
-2.634573855,7.132078624
-2.634387895,5.706433543
-2.633598618,7.556045949
-2.633091203,6.350250307
-2.631733389,7.51114349
-2.630997396,3.866401972
-2.63034653,6.821971464
-2.628594365,6.233729028
-2.62809826,6.24163978
-2.626336458,7.245723629
-2.626269191,8.09745101
-2.62541449,6.324013546
-2.622300936,7.39774999
-2.620865036,7.194866275
-2.620848278,6.344043871
-2.619562611,7.473968663
-2.619458152,7.227757541
-2.619313149,6.26128139
-2.616024386,7.645551537
-2.61392053,4.568386822
-2.613612997,6.812081344
-2.613297728,6.629892382
-2.613071451,7.518131052
-2.612607435,5.251821251
-2.612091689,5.595848364
-2.61197982,4.642284269
-2.611902335,6.359463269
-2.611513247,6.641573574
-2.611481526,6.405678208
-2.611333434,4.748375694
-2.610972343,8.946846329
-2.610255748,3.449899198
-2.609821248,7.877348273
-2.608666389,7.956362654
-2.607939191,4.72962387
-2.607419999,5.379722266
-2.60705292,8.075839625
-2.606664258,6.499209435
-2.604844777,7.768749293
-2.603992453,6.750911024
-2.603955048,6.643496464
-2.60038081,4.017536069
-2.600341515,6.757589512
-2.600287711,7.582776171
-2.600212518,9.517366326
-2.599833628,7.809943359
-2.598257511,9.620056422
-2.596901574,5.614021774
-2.596359563,7.067659626
-2.594774631,8.609100877
-2.593390001,8.634572114
-2.592749791,8.068089888
-2.592385359,8.690262268
-2.592013823,6.280715991
-2.591697391,8.174882404
-2.58946808,6.376690903
-2.588112814,7.009982439
-2.588011339,5.926765955
-2.586488575,7.552208124
-2.586067751,7.212313834
-2.585349031,5.741869394
-2.585160576,4.886564432
-2.585084602,5.839476113
-2.584727775,3.361464699
-2.582009857,8.33442712
-2.581916103,6.940107959
-2.581297791,5.745903123
-2.580566101,4.6222006
-2.580116177,5.194321916
-2.579462454,6.356656277
-2.579333157,5.524001231
-2.579110564,5.968147057
-2.578663424,8.100574397
-2.577667702,7.853526414
-2.576701429,6.358988653
-2.576667262,8.90222017
-2.576549545,6.713500306
-2.575918608,7.004022505
-2.574542772,7.155097757
-2.572995546,7.787517136
-2.572065107,6.972010248
-2.57181045,5.347587945
-2.571717671,6.750644773
-2.571316763,7.08590797
-2.57112748,6.944204506
-2.570697526,4.559563264
-2.570504151,6.177054806
-2.569996342,7.041940526
-2.569957259,4.859580408
-2.569668566,7.791936571
-2.568554735,7.715443196
-2.567089374,7.285428478
-2.566969065,7.642455311
-2.564846912,6.049714525
-2.562768224,7.800438842
-2.561935897,6.698591982
-2.561576153,6.376469699
-2.561473804,6.69530917
-2.560610728,5.435401384
-2.560493322,6.837815938
-2.559475488,5.57288278
-2.558721471,6.053598059
-2.558684021,4.35886921
-2.55860918,4.023474056
-2.556714083,6.562311173
-2.555529008,6.55425466
-2.55543008,8.288086359
-2.554696263,6.30954413
-2.554480626,6.997980597
-2.549312629,4.533492442
-2.549143245,6.198085094
-2.548143821,5.832912015
-2.546811437,7.098792716
-2.546803376,8.221203438
-2.546573743,3.500629847
-2.546356279,5.500556977
-2.545443553,5.65500241
-2.545207515,6.229854631
-2.541234135,7.349907552
-2.540102298,5.797609601
-2.539516598,6.439734763
-2.539402448,6.18802782
-2.539087913,6.10606205
-2.537991885,7.781413026
-2.535433301,6.63515596
-2.535230465,5.653858091
-2.533805829,4.553389741
-2.533764208,8.916967759
-2.532831399,4.776123984
-2.532711525,9.096677748
-2.532642184,6.694742525
-2.532464767,5.930016166
-2.531582168,4.69210663
-2.531184191,7.420224839
-2.529865767,7.471084405
-2.529239391,5.752444458
-2.528450171,5.102209602
-2.528047113,6.434998539
-2.527596582,6.932300998
-2.527438119,7.878609993
-2.526450434,6.927207004
-2.525457762,5.953662791
-2.525329411,4.582221044
-2.525177854,5.883680376
-2.524608399,4.546764287
-2.524477386,7.643195421
-2.523005956,8.045728125
-2.522495359,4.874844369
-2.520543874,5.681211158
-2.520321474,6.036718419
-2.520197463,3.744342874
-2.51958987,4.396224896
-2.518279831,4.41568821
-2.518260759,6.357749056
-2.517941736,4.854510351
-2.517617485,5.586620729
-2.517180754,5.59404722
-2.517146569,9.289256884
-2.515662265,6.390421375
-2.514408549,4.845494288
-2.514223925,7.948309723
-2.514012209,7.213663712
-2.513242011,7.159696577
-2.511426889,7.386074439
-2.510167101,5.069346626
-2.509470923,8.3372545
-2.508286719,6.553396045
-2.50678129,4.945551481
-2.506637052,8.305001651
-2.505786318,6.528441638
-2.504999305,6.340471703
-2.503923845,4.042336752
-2.503189477,7.294109922
-2.501428045,5.507857148
-2.500277144,7.437719076
-2.499802151,6.721856517
-2.499743681,8.811553781
-2.49972215,4.812092264
-2.49961014,6.515483176
-2.499571901,8.008796178
-2.498470832,4.050204179
-2.497424375,5.820772876
-2.497319524,5.406195003
-2.496980444,7.563167323
-2.496882458,5.336492549
-2.496786008,7.090214327
-2.496283046,6.709275358
-2.49602656,6.44859481
-2.494288748,5.935724693
-2.493644955,5.622455063
-2.492490452,7.612348559
-2.492438495,5.438097777
-2.492357563,5.39906617
-2.490778353,4.971690982
-2.490489895,5.3333515
-2.488419612,7.199671514
-2.487724601,5.702439266
-2.486923755,3.710289177
-2.486378842,7.753415495
-2.486187751,7.434148691
-2.485884418,7.7308452
-2.485463276,7.874131189
-2.484843499,7.154149139
-2.484527567,7.505645865
-2.484489653,7.154775506
-2.484408131,8.497559008
-2.48423967,7.459684055
-2.484208195,6.379402017
-2.484193839,10.58632108
-2.483943802,4.635218192
-2.48177998,4.745863619
-2.480459251,6.942515847
-2.479495716,5.941826056
-2.479379404,4.513783822
-2.479269891,7.688337719
-2.478546663,6.282912512
-2.47816433,4.637705253
-2.476327409,5.714875979
-2.47583539,5.656655635
-2.474943273,5.205293128
-2.474007058,8.496389011
-2.473922447,6.326076055
-2.472968349,6.226556853
-2.471757504,7.009129699
-2.471546241,6.025579205
-2.471456449,8.644000316
-2.471436932,7.772967936
-2.470576456,6.070280403
-2.466682526,6.437963183
-2.46630906,5.58045009
-2.465794732,6.123652576
-2.464184374,6.523590014
-2.46236881,6.678077469
-2.46208038,7.242464944
-2.460508571,5.791073509
-2.459071907,7.429608112
-2.458568995,5.311667644
-2.458121357,3.721321305
-2.458111076,7.188034658
-2.458024125,8.356093013
-2.457966271,5.801745969
-2.45758885,7.078935094
-2.456864438,4.780479311
-2.45643617,4.921019742
-2.45544652,5.40417274
-2.454879929,8.377644773
-2.454776803,7.30209496
-2.453712351,5.381595618
-2.453220923,7.382465354
-2.453191493,6.500688503
-2.452729352,5.03882195
-2.45196344,7.283777426
-2.450165903,7.868016495
-2.449593862,8.707442594
-2.448455133,5.202503574
-2.448213412,8.023223089
-2.447057116,4.302123703
-2.446983168,5.457778872
-2.445806978,7.412450165
-2.444868196,8.186002946
-2.443553573,7.135486864
-2.442964329,4.098225122
-2.442535851,6.175420424
-2.442218878,5.407935233
-2.442073586,5.98756084
-2.441162228,3.39848688
-2.440380502,8.055221061
-2.439646202,7.050115323
-2.439559776,6.374539322
-2.436506205,6.321287399
-2.435811426,9.45474915
-2.435157084,7.932260945
-2.434600867,7.574867447
-2.43414303,8.144449621
-2.433873347,5.284384072
-2.433132816,8.284753529
-2.433107011,9.187183059
-2.432597907,5.378609254
-2.430819742,3.374685746
-2.4307628,5.478209201
-2.430216563,3.135119506
-2.430168005,5.853989322
-2.429896628,4.430049378
-2.429772146,5.168850658
-2.427914916,8.323360587
-2.427535118,5.965953379
-2.426042423,8.013900761
-2.425935074,7.46100631
-2.425835293,6.99169012
-2.425835259,4.671953748
-2.425756255,5.550208875
-2.425349694,9.872012102
-2.425329597,5.621611801
-2.425187153,8.065167359
-2.424215242,5.269992714
-2.423668921,8.127529039
-2.423388944,7.512605699
-2.420206967,7.221927028
-2.41896261,8.392149197
-2.417492308,7.821654991
-2.417051634,4.807646571
-2.416014944,5.851322835
-2.415379317,4.642293702
-2.414692408,6.868569987
-2.414612474,7.82569279
-2.414256786,5.074342904
-2.411340057,4.002845849
-2.410822849,8.314700248
-2.409637618,7.862956686
-2.409152781,5.524485003
-2.407307967,8.434206306
-2.406320144,6.788414954
-2.405291042,6.610235833
-2.403636126,7.165325218
-2.403521215,4.879440321
-2.403480564,8.967744058
-2.403003527,8.244869763
-2.402580531,6.106210242
-2.401438188,7.345876253
-2.40111637,5.037981467
-2.399122168,5.651468894
-2.398191744,7.490885589
-2.396146307,4.333649654
-2.394056675,7.037813951
-2.392953824,5.878122829
-2.391216931,4.205705743
-2.390419583,6.826260601
-2.389550997,5.546653239
-2.389311614,7.64463198
-2.389127609,4.067914896
-2.388016461,3.601940882
-2.387921854,3.41746865
-2.38751709,7.695296985
-2.386219156,5.719218561
-2.385943566,5.601751127
-2.385695145,4.644748864
-2.385668351,7.384655826
-2.385165713,7.727802091
-2.384910528,5.257540061
-2.384850205,6.91636328
-2.384372565,5.662537309
-2.384023766,7.187043922
-2.382361698,4.284080684
-2.382035826,5.797652004
-2.38111268,7.078049397
-2.380037169,8.028227149
-2.37960938,2.074903997
-2.379439376,5.928701551
-2.377190576,4.686530657
-2.377184694,5.750485895
-2.375915962,8.568576063
-2.375896218,6.93995492
-2.375657667,8.271024608
-2.375277638,6.622970333
-2.374442633,6.772729298
-2.37429318,5.02736375
-2.374031663,6.650926881
-2.37350897,6.741247155
-2.373218019,5.098828885
-2.372894194,4.255932472
-2.372613411,6.381642807
-2.371702568,6.78860792
-2.371028468,5.898031387
-2.370818749,6.873688713
-2.370531834,6.423477055
-2.369746009,6.996326065
-2.369121073,7.74094242
-2.368561381,8.804745019
-2.367362827,6.257389402
-2.36695913,7.913857484
-2.366592088,5.164969249
-2.366375625,7.982471415
-2.366339746,5.097108397
-2.366195742,5.226112489
-2.364822542,4.195295638
-2.362998899,4.650454102
-2.361952202,7.032500284
-2.361624266,7.078554873
-2.360866075,3.506831018
-2.359372215,5.172773172
-2.358945423,7.906265289
-2.358876347,6.276227211
-2.357769985,7.259779882
-2.357344883,7.357245083
-2.356650302,5.777215405
-2.355162126,7.898302601
-2.355144425,5.464293642
-2.352849439,6.868570947
-2.352800595,6.435470192
-2.352712465,7.753820211
-2.351284678,8.019576108
-2.350808727,8.706233888
-2.350690007,8.463364481
-2.350615131,9.196038098
-2.35030939,8.020067817
-2.34914364,5.32774229
-2.348876601,4.724013473
-2.348839124,5.611305503
-2.348015834,8.049625519
-2.347676706,6.557957773
-2.347239676,6.889717137
-2.346904776,7.893678566
-2.346207738,8.224970041
-2.345146432,4.966445254
-2.343723125,8.299006452
-2.343713923,4.098074313
-2.343577172,5.322408258
-2.342726177,7.894162701
-2.34268156,4.552576837
-2.341142924,6.124667441
-2.340894403,4.146910318
-2.340816603,7.189662994
-2.340473306,6.056884837
-2.339634778,8.332829593
-2.334385626,5.258591864
-2.333115114,7.279753145
-2.33298046,5.544214843
-2.332872369,5.832592423
-2.332074574,5.857093596
-2.330315714,8.17725299
-2.329497775,5.828115344
-2.329223869,4.078033391
-2.328707705,7.575626997
-2.328679324,7.293369859
-2.327258752,6.5276048
-2.32720852,5.481522368
-2.326568513,6.677280206
-2.325745493,8.481723999
-2.324298362,7.401086855
-2.322846847,3.490984785
-2.322531129,5.859142114
-2.319761218,5.374516023
-2.319619004,7.021861608
-2.319295877,8.342406751
-2.318798576,5.398525432
-2.318355636,8.682643463
-2.317969364,6.905330843
-2.317592832,5.388924979
-2.317565001,7.817167604
-2.317050951,5.295628759
-2.316998913,6.462553566
-2.316517368,6.015089512
-2.316236705,5.953554555
-2.315108953,7.652022559
-2.314075532,6.843033807
-2.312502466,7.125063225
-2.311879468,4.974279976
-2.310486619,7.673747112
-2.310241685,5.649176996
-2.309837252,5.251479197
-2.309295456,7.015018332
-2.309013019,6.2714111
-2.306149594,6.203624219
-2.306115426,5.243686581
-2.305916121,1.931920516
-2.305411253,4.604827899
-2.305029859,7.170884877
-2.304221694,8.432945922
-2.303508163,7.646851945
-2.302476508,6.002708863
-2.301439319,5.278759949
-2.297355491,7.355122772
-2.297316515,5.992733172
-2.296973307,5.346291143
-2.296021818,8.035315318
-2.294589521,5.591367582
-2.293415325,8.177137741
-2.291130918,5.573741858
-2.289218482,8.133749921
-2.28631716,6.065006033
-2.285038444,7.168679219
-2.283418767,8.178707432
-2.282606925,6.371201496
-2.28232019,6.95715891
-2.282271991,7.826918513
-2.281825229,6.82415016
-2.280189646,5.376468475
-2.279487134,6.810325298
-2.279186399,5.253009789
-2.279029119,5.869932894
-2.278171181,6.205474691
-2.278170925,5.806021987
-2.277066071,4.731794646
-2.274575101,5.209564194
-2.274547284,1.869302094
-2.273500375,6.588436449
-2.272837445,6.938745787
-2.269768031,8.138075048
-2.269519733,6.300881534
-2.26882063,10.78402859
-2.26586868,7.910924719
-2.264664443,6.730697632
-2.264458447,6.814613208
-2.263197914,4.358457478
-2.263130845,6.675004971
-2.261877608,7.238484203
-2.260640627,7.457933694
-2.260349451,6.058182845
-2.259552526,4.843304056
-2.255916346,8.507974589
-2.2533582,5.393168266
-2.252287503,4.727504047
-2.252145142,5.234743894
-2.251436889,8.170951077
-2.250375649,7.985523691
-2.249989918,5.228095739
-2.249689308,5.130794712
-2.249338183,5.504637975
-2.248937116,5.862195379
-2.24883366,8.086409071
-2.248332291,6.279033691
-2.247811268,5.876183968
-2.247606047,5.452190746
-2.246923845,7.897554474
-2.246288813,7.901173038
-2.246025932,7.554922585
-2.245379799,5.182606874
-2.244565849,6.254990869
-2.24093394,5.924027304
-2.23973385,8.184844437
-2.239726093,5.465023895
-2.238628133,8.085408898
-2.23850222,5.473823281
-2.237645918,8.472617042
-2.236205521,5.725430698
-2.235639196,8.494724699
-2.233426807,3.989807607
-2.232865864,7.516722849
-2.232819498,3.700683645
-2.231934042,5.983824975
-2.229464015,8.005273884
-2.228519762,3.330927762
-2.228235569,8.197565042
-2.227200992,7.744902524
-2.226192697,6.438095996
-2.225196675,7.694000787
-2.224830447,5.640915986
-2.224163097,4.150024226
-2.223246958,8.014462461
-2.222926474,7.68693422
-2.222284582,3.985036123
-2.221327477,7.277904381
-2.219102658,3.611296097
-2.217540586,5.268814163
-2.217272202,6.637126502
-2.21704798,7.964629373
-2.216857989,5.886028203
-2.214501102,5.625669849
-2.214250396,5.473060255
-2.211592713,7.434559263
-2.210861039,5.807602804
-2.21067675,3.809067176
-2.209978268,2.129102334
-2.209005874,6.712826757
-2.208694664,3.792722507
-2.20855541,5.522826488
-2.207900764,7.340660195
-2.207769724,6.027128856
-2.206904145,3.176982036
-2.205705392,5.34005048
-2.205526418,5.761742326
-2.204987242,5.405626231
-2.204649472,4.434888687
-2.20439227,8.206178886
-2.203839485,2.602590668
-2.20345785,5.958085627
-2.202794814,3.082208484
-2.20157503,5.021588806
-2.200632855,7.033272988
-2.200005081,5.00409584
-2.199553126,5.859217678
-2.198339218,5.115994029
-2.198252658,8.296424152
-2.198184579,5.704713504
-2.196395174,8.220756058
-2.193169484,7.608066204
-2.191135967,7.370870793
-2.190035173,6.070835207
-2.189155724,2.673197127
-2.189130989,4.402512911
-2.187997915,8.949194334
-2.187582358,7.774336972
-2.18718684,3.594504489
-2.186395009,6.242995924
-2.184937502,5.780385426
-2.183402334,5.329078799
-2.183072056,5.144747522
-2.18133733,8.063910898
-2.180940413,6.598419826
-2.178795196,5.348283635
-2.177874965,7.78970777
-2.177483455,5.81822248
-2.175688591,3.443535397
-2.174548739,6.007995697
-2.173668834,8.150925897
-2.171011547,9.234366137
-2.170635666,6.800799281
-2.167417927,6.710854348
-2.166760931,7.914829918
-2.166534536,5.829419354
-2.163371493,5.515872624
-2.161149273,7.400341425
-2.158917358,5.961370911
-2.15663705,5.162971308
-2.155557879,3.952627637
-2.155054421,6.379403353
-2.154641165,9.203870904
-2.154043706,5.324713186
-2.153467827,5.065378594
-2.152398598,4.068049688
-2.151198156,4.570510167
-2.150558084,8.296258013
-2.150391489,3.623848121
-2.149525787,7.755656413
-2.149486349,3.87905638
-2.149268469,6.418666359
-2.146745297,6.0863752
-2.146735047,6.806065007
-2.146192859,6.801030366
-2.143188693,7.515095137
-2.143041933,10.08061798
-2.142288845,6.291128651
-2.141368802,5.90122689
-2.139849504,6.038510677
-2.139536866,3.767025327
-2.139265837,4.367085682
-2.138913545,3.962696839
-2.137654062,5.821676178
-2.136336356,3.275428838
-2.135414707,5.793706721
-2.134233859,6.095591504
-2.132896674,6.760428679
-2.132334858,6.559656766
-2.132100471,3.35759645
-2.131734626,5.822694937
-2.130366046,5.201404053
-2.129951473,3.312788916
-2.128290654,5.697994
-2.127327742,3.516477566
-2.125470628,5.695704268
-2.12332683,4.931945537
-2.123314107,6.447249892
-2.12230975,7.596418583
-2.121075172,6.877281323
-2.120665356,4.825864688
-2.12022018,8.630571857
-2.119862389,5.5907861
-2.119183961,6.224842037
-2.119054025,4.23323524
-2.118832335,3.411601684
-2.118548687,5.828751751
-2.118419392,6.917541688
-2.118210382,1.75252462
-2.11724424,9.080321817
-2.116888129,4.394059558
-2.116143488,5.910571677
-2.114746128,6.297563071
-2.114258471,5.839559198
-2.114257017,4.047583291
-2.113870032,6.835463565
-2.113023922,4.470446839
-2.1127899,1.584740493
-2.112147563,6.502303566
-2.1120819,3.60765606
-2.110988277,6.508656028
-2.110158628,5.696547159
-2.109108636,6.32403931
-2.107535268,6.246941847
-2.10687894,9.273192749
-2.105880723,6.17722686
-2.105790989,6.599881868
-2.104943307,5.26991663
-2.104811168,3.916826392
-2.102021086,5.066146484
-2.101578697,3.363190578
-2.101455568,3.585046268
-2.101432379,4.725693113
-2.101097576,5.554087178
-2.099745917,3.205894216
-2.099324514,5.402216195
-2.096419837,5.931994761
-2.095506523,5.563113072
-2.095391648,5.741817438
-2.09503967,5.419587308
-2.093386793,6.692467576
-2.093367628,5.722319351
-2.093045547,5.441236463
-2.09250319,7.958815811
-2.091240487,5.675265335
-2.090911459,6.813896175
-2.089531394,3.791810719
-2.087797188,5.52888673
-2.086946983,7.672637828
-2.085514446,5.159768867
-2.085209836,3.752718027
-2.082498107,2.675594187
-2.082466617,7.734206699
-2.081161724,3.799883717
-2.080584964,1.380420653
-2.079016919,6.266679144
-2.078010653,4.14868837
-2.077003191,5.572208457
-2.074162942,3.509307276
-2.072442486,1.931994178
-2.071212827,3.927170161
-2.071192645,3.27072143
-2.070678428,6.788960635
-2.070080075,5.891883897
-2.068847497,3.925345741
-2.064069147,6.935419104
-2.06406548,6.424456902
-2.061896324,7.889004121
-2.061502697,6.161317934
-2.061267158,5.335816249
-2.059955641,2.443080354
-2.0536029,7.851316353
-2.053333942,5.562066077
-2.051655182,3.375049587
-2.05163127,7.271040508
-2.048692211,5.270067473
-2.048204822,5.789914114
-2.047990243,5.690781786
-2.047474383,3.845400725
-2.046841335,4.207234249
-2.046198806,10.17617153
-2.043734686,5.909198673
-2.043618355,6.413718174
-2.040325463,2.265424253
-2.040094908,2.384419872
-2.039858121,8.124358649
-2.039458731,5.833049041
-2.039215829,7.090175761
-2.037688999,0.779449006
-2.037651073,5.645168989
-2.036625319,5.229378454
-2.03648737,5.613575244
-2.035381041,5.238292873
-2.035015688,4.711694343
-2.034911865,1.821341688
-2.034608952,5.30148201
-2.03460537,5.74512694
-2.032013929,4.761738798
-2.03117115,6.181840457
-2.030910213,4.611342651
-2.030859176,2.896585666
-2.030802353,4.565818727
-2.029354104,7.37313944
-2.028041874,6.089177324
-2.027494145,4.433945797
-2.027222284,6.696971751
-2.023697442,6.413023538
-2.02295529,8.75886631
-2.022204058,7.0068161
-2.021146618,8.658723259
-2.021117452,3.565209865
-2.018627205,8.173320103
-2.018286017,7.065457498
-2.017236451,3.443341983
-2.012427991,4.913774188
-2.011245177,3.997118379
-2.009339094,2.884975222
-2.008824389,7.969566846
-2.007472089,3.635583668
-2.006334333,5.275664711
-2.005989028,5.371181882
-2.005834927,2.92659269
-2.005500584,4.5232217
-2.002867374,2.523524364
-2.002495261,1.988907688
-2.002359568,4.501226247
-2.002135569,4.492431304
-2.000995545,3.883293775
-2.000879613,4.00802957
-2.000071131,3.273335577
-1.996427213,4.321987948
-1.996003877,3.715811016
-1.994839043,6.941968445
-1.994678909,3.961011119
-1.994106942,2.478017879
-1.992832794,3.285051209
-1.991809198,7.966434161
-1.99068824,8.663670118
-1.990601893,5.636749248
-1.988097595,3.367105448
-1.985459731,5.536577159
-1.985048508,5.129974906
-1.98310323,6.121607093
-1.9827981,4.277818438
-1.981348099,5.09697031
-1.979377011,3.191126525
-1.978587264,6.528550219
-1.975934647,5.612493434
-1.975330784,4.197194997
-1.972702831,5.360410614
-1.970990592,1.582633898
-1.970581944,2.823420999
-1.968460554,5.268785259
-1.967912176,7.208053443
-1.965660237,5.438019565
-1.965596169,4.023355575
-1.965370641,2.976649628
-1.964493904,2.379472695
-1.962654294,3.4996282
-1.959439184,4.020005806
-1.95930117,4.935108887
-1.958721279,4.089701652
-1.957590061,6.007703093
-1.955772173,3.92081738
-1.955381208,5.737684211
-1.951609514,6.760440663
-1.949229215,4.523611714
-1.94919694,4.919420208
-1.947520902,4.568151679
-1.944996885,5.661333423
-1.9415125,3.680537553
-1.940804379,3.243552708
-1.939805337,7.741754331
-1.939523609,4.466779054
-1.938368572,5.607819666
-1.938365635,3.782756466
-1.936779392,6.230903275
-1.93573809,3.833802045
-1.93306949,6.083455768
-1.932123119,5.109631854
-1.931745644,1.688191967
-1.931466261,0.808966761
-1.930368291,7.601980197
-1.930267862,2.778140803
-1.930248265,7.94395033
-1.930195609,4.276259725
-1.929603441,5.160564109
-1.929023263,4.069569879
-1.927590096,4.027081056
-1.92716237,3.261058561
-1.92545005,3.313278472
-1.92403172,7.430680652
-1.922762831,4.15603246
-1.921466491,2.544144224
-1.919641275,4.080109439
-1.918412157,3.82359001
-1.914335906,4.868571307
-1.912974766,5.462115954
-1.912667627,3.692999724
-1.911763507,5.852684546
-1.911202157,3.168948705
-1.910562523,3.02300711
-1.910080185,6.231432046
-1.908819685,4.665124335
-1.90842786,5.743487187
-1.908367755,3.537779105
-1.90803576,5.372492239
-1.907934812,5.297790793
-1.907384107,5.562418736
-1.906967094,6.332569469
-1.905641191,3.249582454
-1.904166623,4.703960026
-1.903632659,6.569803818
-1.902600476,3.71259571
-1.90152238,4.592647965
-1.900974079,5.205705398
-1.900187898,5.718959069
-1.900144127,4.644577091
-1.899942837,6.066796018
-1.898502712,2.466130706
-1.898088388,7.593545409
-1.897851455,5.051489599
-1.897415801,1.11050665
-1.895468477,4.887508744
-1.895229106,5.49263496
-1.894859586,6.192659308
-1.894723102,4.208317613
-1.893121373,3.811249263
-1.89254225,2.944419531
-1.88914253,2.142299967
-1.889045429,4.61108468
-1.888977256,6.003000825
-1.888354192,4.164860475
-1.888233129,4.465216692
-1.888018481,3.959576904
-1.88761546,6.103055979
-1.887453936,5.7173411
-1.887129899,4.034695209
-1.887040252,2.8162489
-1.886105583,3.734612613
-1.886065151,4.126772787
-1.884976603,5.510183006
-1.882464261,4.159450669
-1.882098206,9.304366638
-1.880429071,4.496805837
-1.880077347,5.367207552
-1.879956498,2.240526623
-1.877903598,3.50936409
-1.877649011,5.07637777
-1.877139117,2.866767985
-1.876842645,7.006553327
-1.876486721,3.863724696
-1.8761054,5.097038125
-1.874685561,3.528675715
-1.87467593,3.38330051
-1.874490535,5.613723209
-1.874346215,6.158761763
-1.874073937,3.462393972
-1.872789743,6.769348486
-1.87188257,7.551197418
-1.871631826,6.340749942
-1.870902117,3.144383834
-1.868943748,1.007767354
-1.868731916,3.711113509
-1.867612332,3.009365392
-1.865937041,4.425424169
-1.865737607,3.472574095
-1.865027721,4.291473612
-1.862462362,3.175963868
-1.860368494,6.793496577
-1.859480253,4.29844206
-1.859145668,5.587611152
-1.859102123,4.826966529
-1.859074881,3.539125209
-1.858881108,4.072828092
-1.857946689,4.387689364
-1.857764241,4.753831475
-1.856954081,6.285130936
-1.85668552,3.766570244
-1.854273703,2.355553268
-1.853683542,3.504752415
-1.853572083,3.827074197
-1.853464974,3.058458463
-1.853170072,5.732465018
-1.8524707,4.17236348
-1.850200486,5.107311683
-1.849860452,3.805248182
-1.849508044,2.542892154
-1.848877039,5.613596992
-1.847877648,5.125326747
-1.847642688,3.338566798
-1.84741242,2.700324574
-1.847079947,1.017424521
-1.847043285,5.046587805
-1.845988848,3.229120745
-1.845150391,6.985132568
-1.844913757,4.001659036
-1.840817253,1.533876242
-1.840219025,1.398867857
-1.84018583,6.813614973
-1.839836692,4.309689397
-1.839167243,3.373755286
-1.838826887,4.179692883
-1.838762103,4.133781765
-1.837868054,3.063504808
-1.837105841,1.400138268
-1.835862856,4.095409632
-1.835772111,2.231601662
-1.835679788,3.874066744
-1.834461175,3.754728769
-1.834135922,5.039939218
-1.833900769,3.556462507
-1.833305541,5.234618849
-1.832149577,3.590086442
-1.83162002,1.416147217
-1.830894889,3.761721263
-1.83022562,4.3599163
-1.829980016,7.027421343
-1.829536241,1.235802139
-1.828704115,4.257494457
-1.828401265,3.772684227
-1.828249463,5.778390331
-1.828175442,1.16972318
-1.827780059,10.61724253
-1.826216453,4.088504861
-1.82591413,6.435737926
-1.825235345,3.194921206
-1.825135636,1.937483895
-1.824823246,4.434415323
-1.823613927,4.877534429
-1.823605175,5.53887551
-1.823204219,3.625919352
-1.82302357,4.057096041
-1.822334518,2.939994719
-1.821565533,3.384655323
-1.821529426,2.597828859
-1.819354999,2.907290059
-1.818169144,4.527031482
-1.817763786,4.191383355
-1.816627793,5.552090904
-1.816452654,8.17981717
-1.816402561,4.175712712
-1.816005162,4.634339046
-1.815938144,4.333204394
-1.815777975,3.759317452
-1.814596256,2.544134201
-1.813993381,4.59997867
-1.812577818,3.462960839
-1.812462528,4.056208286
-1.812285358,1.820512613
-1.812078141,3.383870978
-1.811471632,3.624292886
-1.811249442,2.252839915
-1.809425837,4.786959801
-1.809014063,8.943523309
-1.807251236,7.940310673
-1.806878177,5.723432301
-1.806382986,3.587734671
-1.80528654,2.256732413
-1.803879444,4.116730757
-1.802945291,3.893076139
-1.802118716,1.179533148
-1.801738831,6.947893634
-1.801336045,3.392522818
-1.800680617,3.702997772
-1.798766474,3.638058095
-1.798548132,6.407923186
-1.798276275,4.288043926
-1.798069721,2.852378404
-1.79677553,2.191887993
-1.796523636,3.615364282
-1.796270587,5.671328576
-1.795616786,3.367722269
-1.794672527,6.822095814
-1.792619134,3.152065009
-1.792548931,4.498535556
-1.792029727,2.026471675
-1.791464862,4.685578434
-1.79142058,4.005929161
-1.79108298,4.051494226
-1.789558688,2.941278917
-1.787894918,6.7672288
-1.786684354,4.078076772
-1.78646604,5.561696465
-1.786404801,4.881870517
-1.785506734,6.621976409
-1.783556535,4.916092521
-1.780601994,4.863720228
-1.780504313,4.709992186
-1.777078144,3.13982188
-1.776589805,5.581059514
-1.776362796,3.271526963
-1.775830892,3.055366373
-1.775257748,6.303582728
-1.774880027,3.725375665
-1.774357155,4.071538585
-1.773631519,6.534479556
-1.772888871,9.110951594
-1.771195452,7.185763659
-1.770783168,3.018735925
-1.768987133,4.727105121
-1.768966265,4.288192965
-1.768397422,3.24104519
-1.7678927,5.397609016
-1.767712349,4.412859063
-1.767528362,3.711373629
-1.767268967,3.28576552
-1.76680291,3.87408925
-1.766693417,2.677504235
-1.766404668,7.898939418
-1.765203465,4.760789907
-1.763990589,5.3092559
-1.763830563,2.622956608
-1.763752446,0.273649631
-1.763249727,2.698852226
-1.761092291,2.953357755
-1.760747239,3.696709815
-1.760700312,3.80823113
-1.760164358,3.37614532
-1.760115961,5.779027876
-1.759897104,3.89247494
-1.759283245,5.413059215
-1.75916304,0.431717304
-1.758853653,0.897497019
-1.758726379,2.615297653
-1.758492135,0.786239114
-1.758255736,6.030705128
-1.757774549,1.25266155
-1.757611903,5.101448212
-1.75662392,7.35886137
-1.756401401,4.164394676
-1.756316511,3.227195266
-1.756298682,3.676475886
-1.756093321,3.096945266
-1.755851061,2.891240341
-1.755745923,3.171214467
-1.75385029,3.54270139
-1.752693338,4.134457711
-1.752029915,3.04917163
-1.748245666,2.263963081
-1.748022239,0.468457271
-1.74745305,6.806207072
-1.747335881,3.718661414
-1.744755605,4.957546108
-1.742870432,3.605600446
-1.741525351,4.854030606
-1.741186441,6.44150878
-1.7396432,0.424976961
-1.737534315,3.106738846
-1.737306823,5.333896326
-1.73666701,3.88808948
-1.736037938,3.345133271
-1.734750473,0.036606689
-1.733274358,5.210458422
-1.731539045,3.070967976
-1.731419978,4.729381448
-1.731205617,3.139480058
-1.730575846,2.993993909
-1.730501539,4.925040764
-1.730296828,0.855673947
-1.728722368,3.939318987
-1.72683306,0.710277076
-1.72503146,5.714041458
-1.725021586,2.717565762
-1.724027299,5.382507568
-1.721074235,3.043363856
-1.720416101,3.598129072
-1.718194695,3.623197742
-1.717922689,4.419150062
-1.717676333,4.751818587
-1.717627338,5.067362283
-1.717510015,8.276909937
-1.71740131,4.790307389
-1.717372674,2.577554541
-1.717144875,4.637488661
-1.717032859,3.566917955
-1.716044299,1.8500858
-1.715581968,2.867159408
-1.714506144,2.212339764
-1.713312722,3.930273119
-1.712157452,5.447576028
-1.712152503,5.134164943
-1.71211278,2.884631762
-1.711560676,3.685390951
-1.711445409,2.613349935
-1.710093398,2.983803661
-1.709971665,5.224212114
-1.709700153,0.512691998
-1.708688251,2.552533397
-1.706172525,5.351759755
-1.704497809,3.031187527
-1.704160165,3.337701665
-1.70070316,3.067367284
-1.700231966,4.032712954
-1.696556919,3.37869588
-1.696006612,1.897957458
-1.695584102,3.223511586
-1.695324019,4.188202643
-1.694803776,6.594715382
-1.693579562,5.078604788
-1.692617238,0.404526076
-1.692358629,3.292814687
-1.691555535,5.453626191
-1.691405632,0.518444425
-1.691323337,5.956351962
-1.691315682,0.599881626
-1.690719539,3.224559858
-1.690036261,8.682949825
-1.68886187,2.621074456
-1.687767077,4.048390805
-1.6870805,2.880189884
-1.686950541,2.823591121
-1.686662181,4.436001465
-1.684902746,2.808013827
-1.684301877,1.551372161
-1.684024463,4.735398551
-1.683940639,4.551474925
-1.683788046,4.633859515
-1.683353375,4.031525811
-1.683139815,3.310774138
-1.681680978,0.466728893
-1.680846013,4.718563287
-1.680621177,0.51551156
-1.680224056,7.985626714
-1.679065929,5.857819557
-1.677306191,5.186137767
-1.675230093,3.601365649
-1.675142183,7.683652099
-1.674923548,1.001439825
-1.67471362,-0.224468047
-1.674574837,0.172401483
-1.673981943,4.246275255
-1.671484785,2.720196628
-1.667329993,3.673771253
-1.667154619,6.710253464
-1.666699544,1.872520204
-1.665855129,3.808967017
-1.662375522,3.931488761
-1.66195491,8.281656142
-1.660967612,8.659786773
-1.659671123,3.7673207
-1.659082459,6.473540274
-1.658905568,2.814192312
-1.658483375,5.229024772
-1.658107545,6.602031881
-1.657275698,2.581301443
-1.657038957,2.858779669
-1.656644486,9.53521288
-1.656522381,3.742950803
-1.656507525,1.975770137
-1.655987279,3.347450404
-1.655313263,3.034156399
-1.653478218,5.399153843
-1.653452389,3.677024375
-1.652473809,4.390381074
-1.652079598,6.305992417
-1.651906484,4.411493445
-1.649835681,2.825074286
-1.649321966,4.26647175
-1.648881994,3.835145654
-1.648094838,3.102418355
-1.647347294,3.028394856
-1.646810765,3.395812142
-1.646216238,2.462464684
-1.645671909,8.933158723
-1.645256974,3.618368051
-1.644856026,1.092875088
-1.644852702,3.345117045
-1.643043907,2.700830667
-1.642933961,0.752610996
-1.642528358,2.309825861
-1.642004448,5.978505972
-1.641997704,2.345677411
-1.641956642,2.761530722
-1.640722494,3.616252928
-1.639084748,5.228136945
-1.638541603,3.158270879
-1.635892268,5.897389375
-1.633978288,0.859282257
-1.632759077,5.684774444
-1.632376867,2.873972484
-1.632317606,5.225920628
-1.632011371,0.92980468
-1.630723308,3.455619353
-1.630501899,1.193084015
-1.630330815,0.08374425
-1.629914202,2.690869951
-1.62913283,2.665538402
-1.628890245,2.793784208
-1.628656131,2.51585174
-1.628104473,1.422917653
-1.627274821,4.285893793
-1.627046589,3.314443185
-1.626930696,0.400649136
-1.626867965,2.850704617
-1.626673434,5.577254902
-1.626181634,1.832088089
-1.62507122,1.012884782
-1.624694862,3.135199483
-1.62459645,3.1804153
-1.62405552,4.452949476
-1.622610673,4.30224268
-1.622395702,4.149901765
-1.622075871,-0.255467441
-1.621260122,2.857728522
-1.621190526,0.776824935
-1.619795391,2.709048073
-1.619572898,1.97557637
-1.619344486,1.788888195
-1.619002714,4.6186408
-1.617349824,3.106801137
-1.616778507,4.706562639
-1.614309389,3.069547323
-1.613882876,4.855010834
-1.612551708,2.999144548
-1.612527177,4.789472158
-1.608467746,3.271871851
-1.608363593,3.387613947
-1.607813208,3.603309945
-1.607634332,2.87074088
-1.607073467,6.505235868
-1.606778078,1.454412911
-1.606693568,8.393737681
-1.604682745,0.264105888
-1.60376087,3.944311884
-1.603670331,0.835552117
-1.603277852,5.203010218
-1.601971675,5.124370374
-1.600049825,2.629290455
-1.598787966,6.163261374
-1.597367901,5.367620465
-1.59723057,3.767784437
-1.596419332,5.112637055
-1.596156585,3.911918707
-1.595141068,2.625230292
-1.594262749,3.833465368
-1.593965205,5.120088955
-1.59121295,3.073580104
-1.590996106,3.200917541
-1.59009362,2.964864592
-1.589980702,4.99191
-1.589905059,1.050656669
-1.589737639,2.964550073
-1.589369411,4.910308525
-1.589273241,4.133943466
-1.589110902,3.434338199
-1.588955668,0.483551047
-1.586345614,4.075684542
-1.585630668,4.251963692
-1.58480312,2.740565801
-1.584692917,-0.075742069
-1.583481247,2.937859883
-1.580695995,5.432502262
-1.58041775,4.956461782
-1.579729022,3.713167288
-1.578956638,2.936724517
-1.578890602,5.221803599
-1.575856888,7.833256374
-1.575832795,3.403639903
-1.575288996,4.742432278
-1.573800918,5.671036126
-1.57252646,3.839599945
-1.572394702,4.258189157
-1.570644361,5.549600614
-1.569588313,4.528338277
-1.569541631,0.407120803
-1.569233774,3.042795788
-1.569207394,0.72944957
-1.568734301,2.970815571
-1.568055404,3.844935549
-1.567725962,3.510452983
-1.566919573,3.071709252
-1.566442667,0.801625028
-1.566178634,2.766003203
-1.564539653,3.290491419
-1.564216601,5.005495679
-1.56360821,0.645107447
-1.563440568,0.593848707
-1.563069923,4.794391266
-1.562687136,3.087735311
-1.561398681,4.06012974
-1.5609532,0.974827986
-1.560014058,2.329326299
-1.55973588,3.787871459
-1.559358839,4.735183345
-1.558878205,0.380885566
-1.55286591,2.89231311
-1.552572191,1.495810218
-1.548692308,1.225591011
-1.548295204,4.351942389
-1.547575611,5.126602935
-1.547404538,6.697200409
-1.546272834,2.793937347
-1.546243652,4.259212915
-1.545649976,3.054520933
-1.545446445,3.462755287
-1.545217253,5.227285182
-1.544421192,5.151607942
-1.54381785,3.660683983
-1.540501156,1.093348031
-1.539244904,4.485076145
-1.537780896,-0.018241706
-1.537637128,3.864026465
-1.536339314,0.277730075
-1.535014201,-0.111494592
-1.533448561,5.651163582
-1.533418824,3.706117206
-1.533253581,4.454036638
-1.53323956,1.206687764
-1.532322062,2.540904454
-1.530894413,6.367991668
-1.530726655,0.227327705
-1.52585864,7.11336607
-1.523356644,0.852646008
-1.522518605,4.97535317
-1.521769187,0.225728897
-1.521546418,3.96394252
-1.520822775,0.628559962
-1.517480519,2.910457106
-1.515754305,2.939732946
-1.515559949,3.903098928
-1.51457875,2.910832539
-1.514493892,4.925556061
-1.511828265,3.674116503
-1.511744223,5.282941131
-1.511603694,5.053565265
-1.510379283,3.915783269
-1.510106271,5.080888349
-1.509804419,4.834541149
-1.509791939,3.302504276
-1.509692759,3.135536415
-1.509327087,3.716532872
-1.509067847,3.182682406
-1.508125416,2.991688139
-1.50789808,2.996162962
-1.507518077,4.724057442
-1.507389729,3.270609636
-1.506377053,4.181588195
-1.505918919,8.313760384
-1.50577076,4.965821825
-1.505519068,5.046030048
-1.505192273,3.305580883
-1.505052374,3.056202169
-1.504777853,0.851440114
-1.503596904,1.772746486
-1.502559199,3.135095248
-1.502224653,3.87723743
-1.500670521,0.439666684
-1.497662249,4.153558919
-1.496110004,5.249488396
-1.495322099,2.979279822
-1.495265307,-0.17518795
-1.494657068,2.945220995
-1.494550037,6.135224658
-1.492231183,4.341679247
-1.491388852,3.303132432
-1.489496824,5.618147454
-1.487890105,4.387192372
-1.487642839,4.553073873
-1.487103752,3.177200392
-1.486993416,3.657446802
-1.485991002,5.919181693
-1.4849257,4.771118403
-1.481538599,1.123668676
-1.480337603,8.137899804
-1.480046892,4.31869655
-1.479879692,4.172258648
-1.477964301,4.247795609
-1.475343071,4.544324445
-1.474521475,4.773489042
-1.473164611,3.519674073
-1.472469892,4.881113515
-1.471084906,2.513515592
-1.470462265,3.005193714
-1.470035055,5.493378966
-1.469506821,2.88111272
-1.468853318,8.847343057
-1.468795677,4.891140489
-1.467950712,4.039163594
-1.467676893,3.19099056
-1.467368213,5.137827621
-1.465292635,0.311685066
-1.462838415,3.34277321
-1.462518415,2.9233169
-1.460789329,3.632330138
-1.460716751,3.706435135
-1.458708175,2.991059423
-1.458167397,3.11193749
-1.45729365,7.915516925
-1.457228977,5.09357342
-1.456687122,3.600925749
-1.453649353,3.36785878
-1.452863871,3.86324057
-1.452856126,2.394320383
-1.452603447,8.042811233
-1.452396418,6.28353648
-1.451533868,0.410687717
-1.450563628,3.26305748
-1.449383933,4.291543777
-1.448232778,4.907005909
-1.448039457,3.037998475
-1.447959852,0.231834731
-1.44764928,3.129192026
-1.446719653,2.896606664
-1.445528993,3.995243137
-1.445240443,-0.043862122
-1.443336976,3.547297636
-1.44296358,3.275708771
-1.442812131,3.090294172
-1.441356156,8.449121737
-1.441067616,3.508868536
-1.440950294,3.439828256
-1.439979978,3.000459781
-1.438652082,2.980495668
-1.43811491,6.118322916
-1.437190418,3.248359235
-1.436996028,4.159461314
-1.43680774,3.355834977
-1.436280974,4.903513597
-1.434665306,6.820126031
-1.434481352,4.58070715
-1.43102026,7.976162091
-1.430830018,4.331875543
-1.430185922,4.860102889
-1.428263363,0.431163462
-1.426012052,5.36618747
-1.425807999,4.230223626
-1.423898191,4.656344014
-1.422907402,1.378507615
-1.422432258,6.228645321
-1.4205469,1.218153287
-1.419045366,3.247125264
-1.417693317,4.49099395
-1.417053393,4.804504153
-1.416801934,7.130990005
-1.416756933,3.962212513
-1.416595952,3.123599537
-1.414422694,4.615675693
-1.412417911,3.744827718
-1.411886381,3.317840476
-1.409481746,3.095845059
-1.40921773,3.877849601
-1.408028353,6.446734136
-1.407212028,5.959210214
-1.404604517,3.974443799
-1.403904302,3.729075259
-1.402556321,0.25706721
-1.402059161,2.982126197
-1.401287643,3.673927804
-1.401013912,4.055296562
-1.400960353,3.247728356
-1.400771951,4.377104527
-1.400353881,4.726566275
-1.400145612,5.512972509
-1.39292219,5.299080533
-1.392055362,3.026755758
-1.391356971,4.366112145
-1.388040971,4.874860869
-1.386208073,3.969927268
-1.384566434,4.779928717
-1.384034304,1.435588307
-1.383318325,4.071486595
-1.382098996,2.148137189
-1.379921904,2.889631088
-1.37886038,4.18425068
-1.378470199,3.960023552
-1.377856552,4.482880938
-1.377661584,4.569054393
-1.37660583,3.202630534
-1.373444559,4.202733071
-1.373394953,0.105540383
-1.370138417,2.544351098
-1.369852712,-0.153878509
-1.369597063,0.562875594
-1.368623235,2.605589135
-1.36676191,5.458964643
-1.356997056,2.474479455
-1.356883681,4.279007617
-1.356747895,4.302483927
-1.350476388,0.366745584
-1.350136488,4.444367223
-1.348854469,6.00217896
-1.348809818,2.227922931
-1.348194437,4.872086711
-1.346382648,5.716846818
-1.340597444,6.201449645
-1.339436891,5.484114092
-1.335669109,3.957672859
-1.332663023,2.216525617
-1.331358656,4.92396197
-1.330275329,0.591048069
-1.330114691,2.856196942
-1.329390282,2.855959272
-1.328148542,5.163132627
-1.322834749,0.692559657
-1.317668188,5.020688532
-1.315103874,5.336775488
-1.312436587,4.311197104
-1.311181615,-0.127724891
-1.311167458,3.001515273
-1.31060106,4.397876793
-1.310085157,6.887381098
-1.309037406,4.153568695
-1.308265487,3.876749167
-1.303391398,2.595117854
-1.301201845,6.690429945
-1.297744631,2.708810679
-1.295354698,1.149525775
-1.293335049,4.420783463
-1.291757044,3.019452962
-1.286503539,0.39692156
-1.285947103,3.491494688
-1.276876966,0.370185855
-1.276432876,6.725119814
-1.273397435,6.040522747
-1.27135455,0.858819769
-1.27091592,3.002529652
-1.270303976,4.571243393
-1.267564217,4.728160916
-1.267440162,-0.065127469
-1.26694565,0.000831816
-1.26624524,3.695330578
-1.264903571,0.99197945
-1.261544725,6.758376954
-1.261474603,4.837498734
-1.25595115,4.964788023
-1.254762455,5.235248089
-1.253151909,3.150132908
-1.248673911,1.060959176
-1.242284447,5.595048743
-1.231887675,3.25686264
-1.229700011,6.417548062
-1.22757545,6.372513122
-1.224948458,2.575399211
-1.220872089,5.872081025
-1.211103851,6.625809371
-1.211036829,6.956164945
-1.198824627,0.2652468
-1.196137176,5.105264434
-1.196128223,0.551852311
-1.194264071,3.338612746
-1.190885913,4.406502769
-1.182807346,6.223687901
-1.180331791,0.409117228
-1.164359661,2.631086749
-1.160770331,2.74946055
-1.156486863,0.239188124
-1.154777539,2.746029861
-1.139571081,6.096387072
-1.118645793,1.222029429
-1.11124779,6.631442188
-1.104637637,0.167124851
-1.090239454,1.724088552
-1.089293619,6.70323762
-1.085214686,2.605253298
-1.078460464,2.039749259
-1.07753294,2.548107634
-1.076394005,2.901252023
-1.050540435,0.162886774
-1.043710608,6.162957108
-1.039593653,2.547559699
-1.014971244,1.328236839
-0.992589283,0.382851564
-0.963903582,0.42701422
-0.956027606,4.322232962
-0.927622416,1.241251693
-0.916333707,1.477494075
-0.916241492,1.993711251
